fips,population,population_density,median_household_income,unemployment_rate,pct_college_educated,ag_employment_share
01001,58761,98.85,68315,0.0277,0.2956,0.012
01003,233420,146.82,71039,0.0344,0.3256,0.0154
01005,24877,28.11,39712,0.0575,0.1188,0.0563
01007,22251,35.75,50669,0.0871,0.1092,0.0404
01009,59077,91.61,57440,0.0597,0.1474,0.0187
01011,10328,16.58,36136,0.037,0.0938,0.0339
01013,18981,24.43,44429,0.0681,0.1305,0.0335
01015,116162,191.72,54339,0.0695,0.1915,0.0089
01017,34612,58.02,48805,0.0358,0.1273,0.0177
01019,25069,45.29,46621,0.0397,0.1459,0.0217
01021,45140,65.15,62471,0.053,0.1397,0.0259
01023,12669,13.87,43299,0.0521,0.1305,0.0448
01025,23058,18.62,47549,0.1246,0.1377,0.0408
01027,14209,23.53,48074,0.0575,0.1276,0.035
01029,15144,27.04,51553,0.026,0.1649,0.0285
01031,53559,78.88,62199,0.0478,0.2161,0.0242
01033,57270,96.58,56149,0.0341,0.1804,0.0203
01035,11576,13.61,39888,0.0435,0.1331,0.0354
01037,10329,15.87,52279,0.044,0.1063,0.0447
01039,37542,36.43,48772,0.0549,0.1631,0.0457
01041,13205,21.69,48557,0.0608,0.172,0.0425
01043,88284,120.16,58119,0.0434,0.183,0.0189
01045,49455,88.14,52813,0.0777,0.1916,0.0238
01047,38326,39.16,37180,0.0914,0.1569,0.0136
01049,71680,92.24,47920,0.0392,0.1415,0.0244
01051,87694,141.78,73258,0.0415,0.2416,0.0099
01053,36755,38.88,41153,0.092,0.1256,0.0353
01055,103348,193.14,52177,0.0601,0.1772,0.0081
01057,16297,25.96,45650,0.0964,0.13,0.0179
01059,32011,50.5,47359,0.0383,0.1483,0.017
01061,26647,46.38,47608,0.0386,0.1391,0.03
01063,7706,11.91,32796,0.045,0.1672,0.0166
01065,14742,22.89,35851,0.0765,0.1637,0.0342
01067,17282,30.76,58395,0.0533,0.2096,0.032
01069,107040,184.61,55064,0.0499,0.2246,0.0102
01071,52618,48.81,46748,0.0604,0.1619,0.0123
01073,672265,604.81,63595,0.0539,0.3557,0.0055
01075,13885,22.96,49565,0.0501,0.1024,0.0251
01077,94329,141.21,56081,0.0362,0.2583,0.0092
01079,33116,47.95,54786,0.0297,0.1578,0.0259
01081,175126,288.25,59288,0.0378,0.4016,0.0081
01083,104199,186.08,80146,0.0414,0.2953,0.0184
01085,10153,14.18,33125,0.075,0.1632,0.0529
01087,19198,31.54,41206,0.125,0.2056,0.0263
01089,389781,486.25,78058,0.0423,0.4509,0.0053
01091,19180,19.63,42975,0.0282,0.2196,0.0422
01093,29203,39.34,49743,0.0647,0.1183,0.0251
01095,97923,173.06,58272,0.0381,0.2142,0.016
01097,413878,336.66,55352,0.0589,0.2421,0.0114
01099,19816,19.32,39965,0.1217,0.1351,0.0503
01101,228132,290.48,56707,0.0675,0.3368,0.0048
01103,123102,212.37,61588,0.0419,0.2385,0.016
01105,8479,11.78,32332,0.1565,0.1522,0.0352
01107,18925,21.47,45339,0.0529,0.1451,0.023
01109,32997,49.1,42616,0.0494,0.2771,0.0096
01111,22179,38.2,49879,0.0325,0.188,0.0183
01113,58849,91.78,47420,0.0651,0.1636,0.0112
01115,91719,145.22,73218,0.0429,0.1933,0.0044
01117,223916,285.08,90618,0.0312,0.456,0.0076
01119,12196,13.49,31726,0.0816,0.2176,0.0177
01121,81105,110.07,52457,0.0838,0.166,0.0167
01123,41251,57.57,53282,0.1042,0.1815,0.0133
01125,231558,175.31,61645,0.0553,0.3088,0.0127
01127,64978,82.14,52987,0.0567,0.1529,0.0473
01129,15434,14.29,51184,0.0634,0.1422,0.0581
01131,10441,11.76,38208,0.107,0.1161,0.0801
01133,23655,38.59,49494,0.0442,0.1383,0.0143
02013,3407,0.49,79961,0.044,0.1693,0.0803
02016,5219,1.19,100662,0.03,0.1544,0.0166
02020,290674,170.3,95731,0.0516,0.3703,0.0232
02050,18538,0.46,64094,0.1616,0.0969,0.0841
02060,854,1.77,94167,0.0275,0.2626,0.0212
02063,7000,0.73,83068,0.0881,0.3147,0.1129
02066,2614,0.11,70606,0.0649,0.2808,0.0214
02068,2101,0.17,87292,0.019,0.2515,0.3787
02070,4854,0.26,69412,0.1132,0.2047,0.0832
02090,96299,13.13,81655,0.0552,0.3295,0.0423
02100,2079,0.89,68276,0.0428,0.3366,0.0223
02105,2329,0.36,62344,0.1398,0.2753,0.1115
02110,32108,11.87,95711,0.0445,0.4074,0.0472
02122,59235,3.7,76272,0.0725,0.2797,0.0852
02130,13910,2.86,82763,0.0413,0.2849,0.0467
02150,13065,1.95,91138,0.0573,0.2847,0.077
02158,8372,0.49,42663,0.209,0.0459,0.0776
02164,999,0.04,61607,0.1396,0.1551,0.039
02170,108661,4.4,86435,0.07,0.2365,0.0456
02180,10018,0.44,70121,0.1651,0.1831,0.0284
02185,10924,0.12,83472,0.0681,0.142,0.2297
02188,7682,0.22,77647,0.1548,0.1515,0.1102
02195,3374,1.16,77826,0.0441,0.2479,0.1341
02198,5799,1.1,61779,0.0754,0.1939,0.1013
02220,8462,2.95,95261,0.0498,0.342,0.065
02230,1303,3.0,79583,0.11,0.2784,0.0051
02240,6888,0.28,75378,0.0661,0.1978,0.1502
02275,2134,0.83,61000,0.0344,0.1802,0.0896
02282,564,0.07,76875,0.0183,0.1083,0.1615
02290,5355,0.04,47826,0.1109,0.1414,0.0551
04001,66054,5.9,37483,0.0946,0.1378,0.0266
04003,125504,20.21,58421,0.0679,0.267,0.031
04005,144705,7.77,67266,0.0697,0.3959,0.0152
04007,53419,11.23,55242,0.0694,0.1809,0.0781
04009,38453,8.32,64089,0.0597,0.1395,0.1305
04011,9483,5.15,73756,0.0302,0.1667,0.3554
04012,16681,3.71,46634,0.1073,0.1238,0.0798
04013,4430871,481.52,80675,0.0476,0.3498,0.0056
04015,214229,16.07,53592,0.0746,0.1441,0.011
04017,107110,10.77,50335,0.097,0.1729,0.0256
04019,1042393,113.44,64323,0.0587,0.3498,0.0101
04021,433338,80.76,73313,0.0644,0.214,0.0256
04023,47838,38.7,51885,0.0985,0.235,0.0444
04025,237830,29.28,62430,0.0491,0.2868,0.0224
04027,204374,37.07,56439,0.083,0.1642,0.1008
05001,17024,17.16,58695,0.0654,0.1578,0.0878
05003,19018,20.55,44804,0.0602,0.1158,0.0812
05005,41801,75.46,47403,0.0513,0.1816,0.012
05007,286528,338.0,85269,0.0285,0.3551,0.0142
05009,37662,63.86,52275,0.0444,0.1663,0.0202
05011,10461,16.11,43688,0.056,0.1254,0.075
05013,4773,7.59,60237,0.0913,0.1254,0.1065
05015,28362,45.02,56826,0.0315,0.2144,0.0719
05017,10234,16.07,36593,0.109,0.1762,0.0882
05019,21469,24.79,48071,0.0409,0.2645,0.0404
05021,14537,22.74,44685,0.0558,0.1538,0.0966
05023,24948,45.04,52780,0.0603,0.1719,0.0178
05025,7548,12.62,48913,0.0078,0.1587,0.0674
05027,22707,29.64,47441,0.0316,0.1899,0.0336
05029,20782,37.65,50282,0.0707,0.1915,0.0651
05031,111038,157.02,55169,0.0589,0.2821,0.0219
05033,60593,101.79,56702,0.0528,0.2032,0.0166
05035,47945,78.23,51860,0.1044,0.1763,0.0261
05037,16827,27.3,48129,0.0815,0.1606,0.08
05039,6472,9.7,40085,0.0598,0.1304,0.0343
05041,11285,15.23,38067,0.0519,0.1307,0.1013
05043,17309,20.89,44968,0.0322,0.2502,0.0523
05045,124611,192.52,61273,0.0325,0.3248,0.0111
05047,17160,28.18,47695,0.0514,0.123,0.0617
05049,12183,19.71,38917,0.0169,0.1439,0.0365
05051,100021,147.6,54229,0.0567,0.2525,0.0166
05053,18022,28.52,68598,0.0332,0.1878,0.0395
05055,45954,79.6,54879,0.0752,0.1656,0.0335
05057,20037,27.55,45049,0.0441,0.1579,0.091
05059,33129,53.87,50260,0.0461,0.155,0.0147
05061,12779,21.76,44824,0.0643,0.1498,0.0993
05063,37910,49.64,52361,0.0525,0.1711,0.0217
05065,13748,23.7,46159,0.0748,0.1893,0.0615
05067,16784,26.49,41929,0.1093,0.1186,0.0796
05069,66934,76.73,46855,0.0784,0.2015,0.0176
05071,25925,39.22,42470,0.0476,0.1504,0.0476
05073,6277,11.86,40262,0.0872,0.1061,0.1705
05075,16258,27.67,43606,0.0667,0.1295,0.0669
05077,8666,14.45,33801,0.1431,0.077,0.158
05079,13016,23.27,50526,0.0398,0.0813,0.0607
05081,12024,22.63,58627,0.0795,0.1592,0.0335
05083,21247,29.96,51131,0.0552,0.1434,0.054
05085,74292,96.3,68078,0.0449,0.1993,0.0258
05087,16737,20.06,51514,0.0479,0.1231,0.0509
05089,16905,28.33,42891,0.07,0.1523,0.0161
05091,42682,68.4,47613,0.077,0.156,0.0082
05093,40361,44.74,50012,0.0982,0.148,0.0533
05095,6787,11.17,41786,0.1098,0.1419,0.1031
05097,8555,10.96,47103,0.0725,0.1639,0.084
05099,8292,13.42,43421,0.0778,0.1094,0.0247
05101,7243,8.82,50699,0.0375,0.1478,0.0324
05103,22606,30.85,47348,0.0648,0.1495,0.0279
05105,10055,18.24,53980,0.0457,0.152,0.0492
05107,16373,23.72,37458,0.1331,0.1524,0.0437
05109,10205,17.0,49248,0.0309,0.1851,0.0559
05111,22997,30.33,43440,0.0505,0.1154,0.0693
05113,19384,22.62,48449,0.0902,0.1627,0.0698
05115,63475,78.26,51678,0.0476,0.2388,0.0208
05117,8217,12.69,47045,0.0409,0.1598,0.0868
05119,398322,525.28,58326,0.0525,0.3704,0.0044
05121,18619,28.56,45993,0.0753,0.1555,0.0426
05123,23138,36.45,39822,0.066,0.1327,0.0499
05125,123988,171.36,73236,0.0381,0.2846,0.0087
05127,9871,11.06,45340,0.0573,0.1204,0.0691
05129,7880,11.83,42063,0.0519,0.1495,0.0699
05131,128184,241.32,54047,0.0524,0.2392,0.0177
05133,15913,28.24,53567,0.0459,0.1167,0.0801
05135,17422,28.81,43332,0.0615,0.1151,0.0346
05137,12393,20.44,37664,0.0538,0.1444,0.0737
05139,38815,37.36,49745,0.0374,0.1847,0.0241
05141,15900,22.41,45768,0.0466,0.1676,0.0422
05143,247331,262.71,61985,0.0428,0.3446,0.0139
05145,77118,74.58,51144,0.052,0.2048,0.0182
05147,6259,10.68,49608,0.0674,0.165,0.0882
05149,20342,21.87,55879,0.0388,0.1381,0.0611
06001,1663823,2256.15,122488,0.0495,0.5094,0.0037
06003,1515,2.05,101125,0.0486,0.3961,0.0898
06005,40577,68.24,74853,0.0601,0.2056,0.044
06007,213605,130.53,66085,0.0715,0.3083,0.0369
06009,45674,44.78,77526,0.0621,0.214,0.0343
06011,21811,18.95,69619,0.0736,0.1429,0.2204
06013,1162648,1621.71,120020,0.0585,0.445,0.0062
06015,27462,27.29,61149,0.0626,0.1772,0.052
06017,191713,112.25,99246,0.046,0.3795,0.0165
06019,1008280,169.22,67756,0.0862,0.2338,0.0865
06021,28657,21.81,64033,0.0768,0.1487,0.1681
06023,136132,38.15,57881,0.0925,0.3108,0.0508
06025,179578,43.01,53847,0.132,0.1592,0.0976
06027,18829,1.85,63417,0.0489,0.2895,0.0149
06029,906883,111.48,63883,0.0839,0.1832,0.1416
06031,152515,109.65,68540,0.0919,0.1472,0.1564
06033,68024,54.14,56259,0.104,0.1821,0.059
06035,31873,7.02,59515,0.0792,0.121,0.0394
06037,9936690,2447.89,83411,0.0698,0.3458,0.0046
06039,157243,73.58,73543,0.1113,0.1715,0.1415
06041,260485,500.53,142019,0.0577,0.6113,0.0096
06043,17130,11.82,60021,0.0623,0.2893,0.0437
06045,91145,25.99,61335,0.091,0.2399,0.0676
06047,282290,145.66,64772,0.107,0.1464,0.1144
06049,8651,2.19,54962,0.0765,0.2382,0.1763
06051,13219,4.34,82038,0.0194,0.3171,0.0343
06053,437609,133.35,91043,0.053,0.2707,0.1474
06055,137384,183.6,105809,0.0518,0.3784,0.0543
06057,102322,106.83,79395,0.0443,0.3881,0.015
06059,3175227,4004.87,109361,0.0537,0.4276,0.0065
06061,406608,288.97,109375,0.0426,0.4244,0.0065
06063,19650,7.7,67885,0.0802,0.2118,0.0767
06065,2429487,336.99,84505,0.0674,0.2406,0.0129
06067,1579211,1636.03,84010,0.0631,0.3262,0.0083
06069,64753,46.63,104451,0.0625,0.22,0.0643
06071,2180563,108.66,77423,0.0718,0.2242,0.0065
06073,3289701,781.36,96974,0.0634,0.4105,0.0068
06075,851036,18140.28,136689,0.0536,0.5979,0.0017
06077,779445,559.8,82837,0.0721,0.2031,0.0491
06079,281712,85.35,90158,0.0499,0.3797,0.035
06081,754250,1681.26,149907,0.0455,0.5288,0.0062
06083,445213,162.85,92332,0.0604,0.3568,0.0829
06085,1916831,1484.67,153792,0.0444,0.5533,0.005
06087,268571,603.38,104409,0.0594,0.4248,0.0448
06089,181852,48.17,68347,0.0655,0.2275,0.0206
06091,2916,3.06,61108,0.0562,0.2388,0.185
06093,44049,7.02,53898,0.0744,0.22,0.0863
06095,450995,548.77,97037,0.0589,0.282,0.0127
06097,488436,309.99,99266,0.0518,0.3785,0.0243
06099,552063,369.02,74872,0.0816,0.1822,0.0509
06101,99101,164.43,72654,0.0762,0.2062,0.0929
06103,65484,22.2,59029,0.0737,0.1817,0.0978
06105,15889,5.0,47317,0.0736,0.1918,0.126
06107,473446,98.15,64474,0.0902,0.1562,0.1504
06109,54993,24.76,70432,0.0834,0.2444,0.0239
06111,842009,457.42,102141,0.0532,0.3471,0.0497
06113,217141,213.99,85097,0.0529,0.4327,0.0386
06115,81705,129.28,66693,0.0742,0.1736,0.0439
08001,520149,445.82,86297,0.0462,0.2715,0.0172
08003,16460,22.78,52271,0.0335,0.2821,0.1046
08005,654453,820.26,92292,0.0456,0.4492,0.0087
08007,13509,10.01,66813,0.0477,0.3944,0.0678
08009,3496,1.37,42115,0.0171,0.2436,0.2296
08011,5561,3.68,45776,0.0551,0.155,0.1784
08013,328658,452.46,99770,0.0441,0.6323,0.0103
08014,73946,2242.96,117541,0.032,0.5838,0.007
08015,19564,19.31,65703,0.0603,0.4142,0.0167
08017,1726,0.97,65577,0.021,0.2343,0.2573
08019,9403,23.8,87169,0.0472,0.5503,0.0213
08021,7553,5.87,44093,0.0718,0.2465,0.0962
08023,3534,2.88,34578,0.0661,0.2365,0.0887
08025,5782,7.34,40685,0.0724,0.1274,0.061
08027,4885,6.61,66250,0.0493,0.3647,0.0528
08029,31173,27.29,56349,0.0441,0.245,0.1093
08031,710800,4643.46,85853,0.0465,0.5425,0.0092
08033,2329,2.18,64708,0.0307,0.2632,0.068
08035,360206,428.69,139010,0.034,0.6,0.0116
08037,55650,33.04,98887,0.0438,0.5181,0.0189
08039,26457,14.29,124360,0.0228,0.3562,0.0339
08041,730323,343.45,82748,0.0565,0.4018,0.0062
08043,49107,32.02,56165,0.0478,0.2022,0.0284
08045,61683,20.93,82772,0.0317,0.3369,0.0317
08047,5856,39.03,95902,0.0211,0.4388,0.002
08049,15724,8.52,79367,0.0458,0.3782,0.0626
08051,17018,5.25,76538,0.0365,0.5934,0.0402
08053,911,0.82,58712,0.0189,0.446,0.0
08055,6896,4.33,49631,0.0639,0.2608,0.0819
08057,1440,0.89,38686,0.0821,0.2751,0.1818
08059,580519,759.46,103167,0.039,0.4913,0.0139
08061,1347,0.76,45250,0.0,0.1796,0.2126
08063,7039,3.26,58992,0.0262,0.1805,0.1768
08065,7403,19.64,78942,0.0237,0.3923,0.0601
08067,55983,33.13,81936,0.0319,0.4696,0.04
08069,359363,138.44,87199,0.0457,0.5089,0.0175
08071,14422,3.02,48965,0.0741,0.1655,0.0722
08073,5583,2.17,59167,0.023,0.2275,0.1107
08075,21302,11.59,54864,0.0316,0.1972,0.078
08077,156131,46.9,68077,0.053,0.3003,0.0433
08079,794,0.91,58929,0.0485,0.5766,0.0097
08081,13232,2.79,63983,0.054,0.2054,0.1273
08083,26070,12.85,61377,0.0436,0.3006,0.0673
08085,42823,19.11,62817,0.0427,0.2772,0.0373
08087,29045,22.68,70471,0.0366,0.1773,0.1171
08089,18580,14.72,47500,0.0587,0.1832,0.0633
08091,4936,9.13,78750,0.0415,0.4956,0.021
08093,17597,8.02,85019,0.0388,0.3549,0.0249
08095,4493,6.53,58474,0.0138,0.2626,0.2144
08097,17325,17.85,96123,0.0206,0.6311,0.0137
08099,11968,7.3,49422,0.0441,0.1824,0.1404
08101,168135,70.45,59436,0.0592,0.2407,0.0122
08103,6511,2.02,69882,0.0609,0.2381,0.1197
08105,11442,12.55,57591,0.0603,0.3128,0.0911
08107,24944,10.56,95144,0.0288,0.5004,0.0405
08109,6454,2.04,51946,0.0997,0.2438,0.2025
08111,690,1.78,67344,0.073,0.4167,0.0315
08113,8082,6.28,72829,0.037,0.6216,0.0279
08115,2391,4.36,45855,0.0333,0.2648,0.1526
08117,30955,50.89,100611,0.0366,0.5226,0.017
08119,24758,44.44,69655,0.0382,0.3796,0.0296
08121,4817,1.91,59087,0.0351,0.2448,0.1887
08123,331466,83.18,89182,0.0491,0.3066,0.0511
08125,9938,4.2,60118,0.0565,0.2444,0.2001
09110,977165,0.0,88190,0.0559,0.411,0.0034
09120,326381,0.0,83147,0.0769,0.4172,0.0023
09130,175244,0.0,99742,0.0411,0.4527,0.0058
09140,451887,0.0,82939,0.0637,0.3327,0.0031
09150,95687,0.0,83119,0.0745,0.2503,0.0196
09160,112696,0.0,87971,0.0536,0.3793,0.0142
09170,571298,0.0,83617,0.0612,0.404,0.0026
09180,280293,0.0,80330,0.0532,0.3381,0.0066
09190,620666,0.0,118930,0.0561,0.5424,0.0022
10001,182400,311.23,69278,0.0602,0.2628,0.0109
10003,570567,1338.3,85309,0.0542,0.3827,0.0066
10005,240668,257.08,75406,0.0505,0.317,0.0238
11001,670587,10970.53,101722,0.0711,0.6264,0.0014
12001,279729,319.46,57566,0.0507,0.4668,0.0092
12003,27969,47.79,67872,0.0492,0.1413,0.0048
12005,181055,238.66,65999,0.0404,0.2663,0.0093
12007,27816,94.62,54759,0.058,0.1317,0.0148
12009,610723,601.71,71308,0.0486,0.3289,0.0043
12011,1940907,1613.75,70331,0.0575,0.3494,0.0025
12013,13753,24.24,41526,0.0369,0.1107,0.0598
12015,189900,278.81,62164,0.0567,0.2513,0.004
12017,155173,266.66,52569,0.072,0.1969,0.0106
12019,219650,363.29,82242,0.0432,0.2758,0.0061
12021,380221,190.4,82011,0.0428,0.3873,0.0159
12023,69832,87.56,53501,0.0694,0.1604,0.025
12027,34258,53.81,45000,0.097,0.1159,0.1057
12029,16737,23.74,45057,0.051,0.0798,0.034
12031,995708,1305.6,65579,0.0466,0.3224,0.0019
12033,321296,489.04,61642,0.0621,0.2807,0.0069
12035,117515,241.7,69251,0.0377,0.2837,0.0041
12037,12276,22.53,58107,0.0887,0.2095,0.0388
12039,43746,84.72,45721,0.0427,0.1967,0.0394
12041,18070,51.67,56823,0.0311,0.1463,0.0488
12043,12179,15.1,37221,0.054,0.1298,0.1261
12045,15002,27.11,56250,0.0431,0.214,0.0372
12047,13492,26.23,47668,0.092,0.0924,0.0693
12049,25528,40.04,44665,0.0866,0.1036,0.1278
12051,39902,34.52,49259,0.0576,0.1048,0.1349
12053,196621,415.72,59202,0.0592,0.2,0.007
12055,102339,100.56,53679,0.0684,0.1828,0.0418
12057,1468560,1437.1,70612,0.0485,0.3625,0.0098
12059,19529,40.78,46063,0.0473,0.1101,0.044
12061,160986,320.17,67543,0.0586,0.3273,0.0188
12063,47704,51.95,46144,0.0475,0.1388,0.0497
12065,14458,24.17,51573,0.0667,0.1954,0.0348
12067,8107,14.92,57852,0.0856,0.0808,0.1119
12069,386829,406.52,66239,0.0554,0.2568,0.0143
12071,772902,989.62,69368,0.0446,0.3012,0.006
12073,294128,440.03,61317,0.0566,0.4752,0.0073
12075,43268,38.69,49933,0.0442,0.161,0.0363
12077,7704,9.22,51723,0.0819,0.1684,0.031
12079,17986,25.82,43386,0.0269,0.1295,0.0543
12081,405069,545.36,71385,0.0524,0.3283,0.0077
12083,378225,238.11,55265,0.0587,0.2199,0.0228
12085,159399,293.11,77894,0.044,0.351,0.0187
12086,2688237,1414.93,64215,0.0458,0.3254,0.0069
12087,82044,83.46,80111,0.0339,0.3633,0.015
12089,91538,141.11,84085,0.041,0.32,0.0073
12091,212021,227.93,73988,0.0331,0.3327,0.006
12093,39870,51.84,50476,0.0614,0.1683,0.0782
12095,1427403,1582.45,72629,0.0552,0.3735,0.0035
12097,393745,296.6,64312,0.053,0.2652,0.0031
12099,1494805,760.99,76066,0.0577,0.3876,0.0096
12101,569211,762.39,63187,0.0534,0.2711,0.0054
12103,959918,3507.13,66406,0.0464,0.3507,0.003
12105,736229,409.52,60901,0.0463,0.2144,0.0098
12107,73604,101.05,44852,0.0887,0.1332,0.0487
12109,278722,464.04,100020,0.044,0.4736,0.0106
12111,334682,585.46,66154,0.0597,0.2502,0.0076
12113,188994,186.68,84715,0.0467,0.299,0.0102
12115,439392,790.27,77213,0.0338,0.3829,0.0058
12117,471321,1523.44,79490,0.043,0.4173,0.0025
12119,131832,236.63,70105,0.051,0.3369,0.0171
12121,43881,63.73,49729,0.0547,0.1588,0.0248
12123,21421,20.53,46239,0.0581,0.1392,0.0093
12125,15524,63.74,64043,0.0365,0.1003,0.0116
12127,558520,507.14,63075,0.0415,0.2615,0.0074
12129,33732,55.62,72035,0.036,0.1975,0.012
12131,76618,73.79,74832,0.0528,0.3315,0.0053
12133,25014,42.78,47536,0.0476,0.124,0.0114
13001,18441,36.28,43268,0.0335,0.1002,0.0565
13003,8265,24.12,38007,0.0455,0.1136,0.0524
13005,11138,39.21,43938,0.0425,0.1091,0.0802
13007,2878,8.42,45417,0.122,0.1898,0.0878
13009,43778,169.22,54699,0.0696,0.2345,0.0179
13011,18381,79.02,69096,0.0248,0.1712,0.0241
13013,84399,524.1,75053,0.0399,0.2118,0.0085
13015,109410,238.41,74812,0.0546,0.2103,0.0059
13017,17169,68.64,38255,0.0496,0.122,0.0227
13019,18187,40.11,48670,0.0461,0.1483,0.03
13021,156554,627.77,48897,0.0753,0.2586,0.0067
13023,12413,57.5,56021,0.0608,0.1856,0.0206
13025,18105,40.85,40166,0.0329,0.1032,0.0399
13027,16275,33.0,42263,0.0488,0.1467,0.0682
13029,44995,102.83,90627,0.0551,0.339,0.0043
13031,79829,118.1,53675,0.0833,0.2963,0.0199
13033,24337,29.43,50321,0.0521,0.1466,0.0489
13035,25522,138.94,60076,0.0403,0.1306,0.009
13037,5594,19.95,48663,0.1139,0.1137,0.1254
13039,55105,87.42,68104,0.047,0.2166,0.0099
13043,10946,45.03,45519,0.039,0.1223,0.0636
13045,120060,240.54,66895,0.0592,0.2123,0.0076
13047,68052,419.65,68896,0.0371,0.2324,0.0073
13049,12547,16.08,45770,0.083,0.1213,0.0365
13051,296266,684.03,66171,0.0632,0.3607,0.0037
13053,9402,37.8,52943,0.084,0.3001,0.0
13055,24902,79.48,43556,0.0473,0.0947,0.0145
13057,268567,637.8,100824,0.0368,0.395,0.0045
13059,128864,1080.87,48692,0.0533,0.4795,0.0088
13061,2855,14.61,43264,0.035,0.1657,0.1166
13063,296312,2091.82,56207,0.0684,0.2061,0.0041
13065,6713,8.24,53350,0.0263,0.1288,0.107
13067,765813,2253.85,94244,0.0463,0.497,0.0015
13069,43056,72.7,48398,0.0427,0.1289,0.0552
13071,45813,83.75,47235,0.0611,0.1471,0.1051
13073,156921,540.75,92571,0.0511,0.3743,0.004
13075,17242,75.47,46706,0.0551,0.1601,0.0248
13077,147449,334.3,90031,0.0275,0.3415,0.0088
13079,12156,37.41,56948,0.0811,0.1127,0.029
13081,20255,74.28,47463,0.0816,0.1409,0.0439
13083,16239,93.34,59531,0.0548,0.1831,0.0082
13085,27355,129.75,84516,0.0464,0.3546,0.0005
13087,29063,48.66,47383,0.0644,0.1499,0.055
13089,761209,2843.09,76044,0.0645,0.4666,0.0028
13091,19977,40.28,46091,0.0288,0.1475,0.019
13093,11236,28.62,54109,0.0746,0.1304,0.1079
13095,85038,258.75,45640,0.0995,0.2329,0.0144
13097,144735,723.18,76930,0.0656,0.2986,0.0009
13099,10753,20.98,48355,0.0598,0.1399,0.0484
13101,3707,8.82,61184,0.0201,0.1396,0.1362
13103,65314,136.4,79474,0.0529,0.2519,0.0109
13105,19570,55.74,48190,0.0746,0.1407,0.0579
13107,22907,33.66,47905,0.0889,0.1161,0.0419
13109,10759,58.83,55222,0.0679,0.1636,0.1039
13111,25436,65.71,54857,0.0544,0.232,0.0178
13113,119259,612.97,105910,0.039,0.4725,0.0025
13115,98541,193.29,57868,0.0409,0.2231,0.0061
13117,253225,1127.36,131660,0.0372,0.562,0.0037
13119,23480,89.84,52597,0.0616,0.1685,0.0512
13121,1061944,2016.24,86267,0.0537,0.5705,0.0023
13123,31519,73.95,70334,0.0242,0.2342,0.0281
13125,2903,20.2,60469,0.0156,0.1293,0.0295
13127,84566,201.52,65970,0.0433,0.3062,0.0047
13129,57785,162.12,57555,0.0301,0.1668,0.0227
13131,26075,57.38,51929,0.0438,0.1582,0.0695
13133,19020,49.08,77527,0.054,0.3342,0.0287
13135,957977,2223.94,82296,0.041,0.3891,0.0031
13137,46326,167.32,61292,0.0229,0.2294,0.0268
13139,204953,521.53,74153,0.0388,0.255,0.0098
13141,8588,18.23,31767,0.0623,0.0963,0.0166
13143,30178,106.95,65940,0.0438,0.1787,0.0169
13145,34914,75.28,85936,0.0576,0.3242,0.0113
13147,26110,112.34,61765,0.048,0.1826,0.0502
13149,11489,38.82,62965,0.0543,0.1161,0.0087
13151,240853,755.72,79663,0.0532,0.2749,0.0039
13153,164117,436.43,76968,0.0482,0.32,0.008
13155,9487,26.77,46383,0.0618,0.1682,0.0477
13157,77033,226.8,82056,0.0363,0.2652,0.0144
13159,14882,40.4,57374,0.061,0.183,0.028
13161,14791,44.7,41780,0.0406,0.1151,0.0635
13163,15591,29.61,46865,0.045,0.1082,0.0589
13165,8704,25.06,31463,0.0492,0.0905,0.0738
13167,9225,30.44,47796,0.083,0.095,0.0251
13169,28382,72.05,66288,0.0425,0.1789,0.0188
13171,18676,101.78,64966,0.054,0.1749,0.006
13173,9964,50.7,39971,0.023,0.1842,0.0239
13175,49407,61.2,46776,0.0553,0.1708,0.0192
13177,32968,92.64,83632,0.0437,0.3264,0.03
13179,65550,126.92,55149,0.0871,0.2022,0.0074
13181,7726,36.72,50754,0.0355,0.1624,0.0016
13183,16804,41.97,56819,0.0448,0.1296,0.018
13185,118257,237.83,52821,0.0509,0.2609,0.012
13187,33405,118.06,67592,0.0506,0.3203,0.014
13189,21715,84.37,54752,0.0378,0.1838,0.0334
13191,11183,25.93,51262,0.0445,0.1781,0.0195
13193,12099,30.2,33960,0.0917,0.1006,0.0861
13195,30378,107.6,53626,0.0585,0.1959,0.0132
13197,7508,20.53,48836,0.0542,0.1219,0.0524
13199,20679,41.28,52392,0.0712,0.1312,0.019
13201,5923,20.97,52132,0.0504,0.1967,0.0757
13205,21634,42.24,45966,0.0948,0.1229,0.0877
13207,28287,71.42,74867,0.0377,0.2856,0.0122
13209,8687,36.02,49138,0.065,0.1958,0.0428
13211,20171,58.06,81524,0.029,0.2988,0.0298
13213,40063,116.3,60617,0.0667,0.1135,0.0192
13215,204572,944.93,54561,0.073,0.2842,0.0045
13217,113298,413.79,70732,0.0661,0.2258,0.0063
13219,41978,227.72,116221,0.0288,0.5346,0.0161
13221,14974,34.1,66672,0.0451,0.2267,0.0352
13223,169898,543.93,89237,0.0409,0.2654,0.0066
13225,28054,186.67,60940,0.0665,0.229,0.0249
13227,33439,144.1,72558,0.0452,0.2428,0.015
13229,19822,58.22,54861,0.0229,0.17,0.0352
13231,19145,88.6,83866,0.0454,0.2015,0.0136
13233,43019,138.62,51956,0.0481,0.1436,0.0044
13235,9887,39.67,42545,0.0386,0.1288,0.0359
13237,22206,64.42,60825,0.0319,0.256,0.0135
13239,2180,14.41,38889,0.2347,0.1095,0.0
13241,16915,45.7,57261,0.0264,0.2804,0.0168
13243,6365,14.86,24638,0.0751,0.1243,0.1077
13245,206153,635.61,50605,0.0833,0.2356,0.0026
13247,93641,721.33,68999,0.0604,0.2813,0.0025
13249,4565,27.35,53274,0.0349,0.1795,0.0649
13251,14026,21.72,49941,0.0722,0.1573,0.0614
13253,9117,38.38,46063,0.0579,0.1701,0.0345
13255,67415,344.01,57367,0.0562,0.1832,0.0137
13257,26732,149.45,52901,0.0585,0.1599,0.018
13259,5121,11.16,43094,0.0507,0.1581,0.0601
13261,29378,60.84,38899,0.0645,0.2218,0.0359
13263,5793,14.8,48065,0.0425,0.1539,0.009
13265,1635,8.4,45881,0.0402,0.1146,0.0165
13267,24309,50.56,51868,0.0797,0.1398,0.103
13269,7799,20.7,40727,0.0661,0.1633,0.0209
13271,12619,28.86,41801,0.0214,0.0805,0.0638
13273,9004,26.81,43507,0.0868,0.1297,0.0384
13275,45665,83.85,55958,0.0618,0.2382,0.0408
13277,41247,158.1,52561,0.0294,0.1872,0.0336
13279,26946,74.02,47310,0.0623,0.1637,0.0932
13281,12546,75.36,55574,0.0549,0.3199,0.0255
13283,6411,32.15,38641,0.1087,0.137,0.0436
13285,69527,167.94,53599,0.0483,0.2031,0.0067
13287,8894,31.16,39666,0.0699,0.1051,0.0467
13289,7955,22.14,50446,0.034,0.1065,0.1025
13291,24880,77.25,59783,0.0273,0.2549,0.0143
13293,27638,85.44,48740,0.0314,0.1537,0.0115
13295,68065,152.48,52276,0.0549,0.1967,0.0158
13297,97752,299.1,79425,0.0516,0.2428,0.0053
13299,35917,39.94,44138,0.0426,0.1514,0.0185
13301,5197,18.28,45091,0.0897,0.1105,0.0688
13303,19975,29.44,43810,0.0445,0.1742,0.0707
13305,30277,47.17,49847,0.0616,0.1412,0.0207
13307,2354,11.23,35000,0.089,0.093,0.0755
13309,7550,25.55,36354,0.0643,0.1275,0.0836
13311,28165,116.99,66256,0.0348,0.2313,0.0102
13313,103033,354.74,59659,0.057,0.1858,0.0151
13315,8839,23.4,46759,0.0533,0.1363,0.1092
13317,9610,20.47,51780,0.0291,0.1564,0.0242
13319,8852,19.71,40757,0.0581,0.1205,0.0504
13321,20706,36.28,56496,0.0704,0.0951,0.0567
15001,202163,50.18,74238,0.0647,0.3066,0.04
15003,1010100,1681.75,99816,0.0479,0.3664,0.0066
15005,50,4.17,87813,0.0,0.34,0.0833
15007,73511,118.59,88869,0.0407,0.3037,0.0226
15009,164765,141.85,95379,0.0541,0.3014,0.0152
16001,497494,472.9,83881,0.0322,0.4276,0.012
16003,4464,3.28,55891,0.0873,0.213,0.1357
16005,87434,78.59,60998,0.0507,0.2951,0.0124
16007,6436,6.6,63244,0.0432,0.2078,0.1392
16009,9731,12.52,54191,0.0381,0.186,0.0637
16011,48253,23.05,69433,0.0611,0.1985,0.073
16013,24248,9.19,81794,0.0234,0.4453,0.0237
16015,7809,4.11,70776,0.0338,0.2709,0.0299
16017,47976,27.68,61816,0.0352,0.2717,0.0259
16019,124490,66.72,73103,0.0463,0.3188,0.0237
16021,12335,9.72,58810,0.0382,0.1815,0.1015
16023,2605,1.16,37358,0.0196,0.1623,0.1771
16025,1133,1.05,63750,0.0496,0.2701,0.0924
16027,235006,400.32,68473,0.0354,0.216,0.0373
16029,7058,4.0,65380,0.0283,0.1566,0.1967
16031,24859,9.69,63525,0.0295,0.2049,0.1165
16033,756,0.43,53500,0.0194,0.1526,0.3168
16035,8810,3.59,55885,0.0442,0.181,0.0915
16037,4344,0.88,60357,0.0167,0.2878,0.1501
16039,28752,9.35,55000,0.0645,0.2085,0.0958
16041,14376,21.68,61679,0.0114,0.1721,0.0732
16043,13519,7.25,67015,0.0453,0.2138,0.0774
16045,19250,34.39,65204,0.0276,0.2245,0.0531
16047,15520,21.28,60938,0.0354,0.158,0.1875
16049,16787,1.98,54745,0.0429,0.2146,0.1182
16051,31383,28.69,77491,0.024,0.2677,0.0775
16053,24474,40.96,67347,0.0351,0.131,0.1744
16055,173396,140.09,71949,0.0312,0.2673,0.0191
16057,39872,37.06,62258,0.0527,0.4432,0.05
16059,8043,1.76,49216,0.0314,0.2218,0.1231
16061,3630,7.58,46484,0.0418,0.1852,0.1338
16063,5203,4.33,62250,0.0564,0.112,0.1321
16065,52487,111.85,53025,0.0815,0.3905,0.0166
16067,21626,28.57,63594,0.0333,0.1592,0.1504
16069,42200,49.75,65023,0.0325,0.2567,0.0281
16071,4572,3.81,67383,0.0065,0.2379,0.0702
16073,12043,1.57,58440,0.0222,0.1392,0.1959
16075,25571,62.84,62721,0.0437,0.2015,0.0969
16077,7918,5.64,56671,0.0748,0.1468,0.2696
16079,13399,5.08,44807,0.0505,0.1164,0.0773
16081,11813,26.3,88906,0.016,0.4708,0.0511
16083,90592,47.14,61183,0.0309,0.2359,0.0817
16085,11830,3.23,72878,0.0152,0.364,0.035
16087,10612,7.3,50046,0.0447,0.1748,0.1113
17001,65583,76.69,63767,0.0388,0.2692,0.0276
17003,5261,22.35,40365,0.0931,0.1035,0.0391
17005,16750,44.04,58617,0.0434,0.2106,0.0514
17007,53459,190.42,80502,0.0766,0.2401,0.0209
17009,6334,20.72,64760,0.0211,0.1403,0.0418
17011,33203,38.21,64165,0.0571,0.2146,0.0615
17013,4472,17.62,88059,0.0407,0.1953,0.1136
17015,15594,35.01,61539,0.0493,0.1868,0.0623
17017,12955,34.48,64826,0.0539,0.1924,0.068
17019,206525,207.33,61090,0.0477,0.4562,0.0125
17021,33893,47.77,56933,0.0442,0.1719,0.0488
17023,15467,30.85,65874,0.04,0.2442,0.0545
17025,13248,28.29,58028,0.0604,0.1501,0.0826
17027,36998,78.06,78054,0.0303,0.2361,0.0415
17029,47076,92.62,53732,0.0693,0.2698,0.0145
17031,5225367,5529.91,78304,0.0708,0.4128,0.002
17033,18729,42.22,64163,0.0335,0.1892,0.0362
17035,10447,30.2,71274,0.0187,0.1774,0.0389
17037,100686,159.48,68617,0.0703,0.3407,0.0151
17039,15535,39.08,61823,0.0542,0.2149,0.0362
17041,19714,47.32,67177,0.0303,0.1987,0.0402
17043,930559,2838.81,107035,0.0475,0.5106,0.0031
17045,16852,27.04,56687,0.0458,0.1879,0.0421
17047,6182,27.8,60784,0.0672,0.139,0.124
17049,34594,72.26,73181,0.0246,0.2595,0.0373
17051,21464,29.96,51962,0.0384,0.1482,0.0694
17053,13484,27.77,58930,0.0472,0.1977,0.0716
17055,37810,92.46,51031,0.0668,0.1766,0.0556
17057,33691,38.92,57223,0.0684,0.1769,0.0335
17059,4967,15.38,51868,0.0777,0.124,0.1341
17061,12015,22.13,58900,0.0345,0.1545,0.073
17063,52624,125.86,89993,0.0415,0.2569,0.0185
17065,8008,18.42,60574,0.0444,0.1716,0.168
17067,17582,22.15,61026,0.0469,0.2456,0.0788
17069,3665,20.66,53026,0.0261,0.1202,0.1098
17071,6374,16.83,64946,0.0789,0.207,0.0996
17073,49157,59.72,66313,0.045,0.2466,0.0372
17075,27043,24.2,62866,0.0494,0.1765,0.0712
17077,53176,91.12,44847,0.0807,0.3522,0.0178
17079,9295,18.79,67429,0.0489,0.2138,0.0831
17081,37043,64.85,58384,0.0645,0.1814,0.0314
17083,21462,58.06,77607,0.0344,0.2179,0.0486
17085,21942,36.51,67729,0.0274,0.2786,0.0462
17087,13313,38.73,63295,0.0293,0.1665,0.0327
17089,517254,995.93,96400,0.0503,0.3634,0.0036
17091,107421,158.79,65489,0.0524,0.2032,0.0142
17093,132795,414.68,106358,0.0426,0.3577,0.0082
17095,49751,69.45,50263,0.0491,0.2041,0.0283
17097,713159,1607.61,104553,0.0499,0.4695,0.0033
17099,109495,96.46,67942,0.0544,0.1841,0.0328
17101,15302,41.11,55811,0.0781,0.1412,0.058
17103,34221,47.22,64588,0.0348,0.1889,0.0293
17105,35771,34.28,68175,0.0371,0.1866,0.0615
17107,28027,45.35,62547,0.0518,0.2018,0.0499
17109,27370,46.44,48904,0.0802,0.3118,0.0354
17111,311133,515.64,100101,0.0485,0.3531,0.008
17113,171284,144.76,75356,0.0323,0.4598,0.0151
17115,103542,178.34,59622,0.072,0.2388,0.0207
17117,44907,52.04,64706,0.0457,0.1931,0.0428
17119,265512,371.09,71759,0.0524,0.2936,0.0082
17121,37543,65.57,59099,0.0814,0.1671,0.0209
17123,11740,30.35,64940,0.0423,0.1743,0.0585
17125,13074,24.24,58479,0.0519,0.1732,0.0793
17127,14135,59.6,57365,0.0367,0.1473,0.0458
17129,12284,39.07,84846,0.0494,0.2587,0.0527
17131,15692,27.96,67028,0.0326,0.1788,0.057
17133,34905,90.59,100685,0.017,0.3786,0.0367
17135,28352,40.29,61796,0.0556,0.1819,0.0584
17137,32882,57.79,61188,0.0637,0.2244,0.0362
17139,14531,43.25,72833,0.0406,0.2074,0.0446
17141,51672,68.11,75782,0.0601,0.234,0.0277
17143,181186,292.84,63409,0.0662,0.3371,0.0123
17145,20996,47.51,56338,0.0608,0.1095,0.053
17147,16698,38.02,81151,0.0465,0.3083,0.0436
17149,14776,17.77,55514,0.0468,0.1806,0.0849
17151,3799,10.3,57582,0.0913,0.1544,0.0662
17153,5177,25.98,41038,0.042,0.145,0.0461
17155,5628,35.15,75726,0.0317,0.2349,0.0522
17157,30413,52.86,63860,0.0521,0.1374,0.0449
17159,15716,43.65,61607,0.0424,0.1887,0.0517
17161,143819,336.42,64435,0.0619,0.2406,0.0126
17163,256791,390.43,68915,0.057,0.3038,0.0095
17165,23662,62.27,51710,0.059,0.2022,0.0645
17167,196122,225.88,71653,0.0522,0.3457,0.0153
17169,6879,15.73,63737,0.0669,0.1692,0.0697
17171,4899,19.53,70500,0.0285,0.2201,0.0867
17173,21042,27.74,65585,0.0396,0.1828,0.0517
17175,5395,18.73,58125,0.0333,0.1897,0.0693
17177,44482,78.83,57527,0.0533,0.2028,0.0481
17179,131276,203.07,74606,0.0392,0.275,0.016
17181,17122,41.42,54090,0.0631,0.2173,0.0292
17183,74113,82.5,52787,0.0667,0.1562,0.0274
17185,11321,50.69,54074,0.0438,0.1848,0.0629
17187,16760,30.9,62700,0.0725,0.2108,0.0498
17189,13781,24.5,75111,0.0472,0.2305,0.0902
17191,16127,22.59,53522,0.0363,0.1581,0.0874
17193,13834,27.95,54605,0.0351,0.1599,0.1095
17195,55569,81.23,62828,0.0442,0.1931,0.0266
17197,696774,833.59,103678,0.0501,0.3608,0.0044
17199,67120,159.73,60325,0.0437,0.2711,0.0288
17201,284591,554.7,61738,0.075,0.2414,0.0046
17203,38414,72.82,80093,0.0328,0.354,0.0246
18001,35827,105.71,61731,0.0321,0.1539,0.0382
18003,385456,586.42,66222,0.0482,0.3048,0.0046
18005,82371,202.42,76912,0.0364,0.3481,0.0047
18007,8709,21.43,58620,0.0366,0.1868,0.1014
18009,12074,73.14,51108,0.0552,0.1477,0.0315
18011,71235,168.45,103038,0.0309,0.495,0.0153
18013,15513,49.72,73933,0.0386,0.275,0.0194
18015,20397,54.8,61464,0.0309,0.1665,0.0325
18017,37820,91.76,55862,0.0419,0.1541,0.0198
18019,121484,325.84,69005,0.0372,0.246,0.0034
18021,26396,73.81,68364,0.0429,0.1694,0.0229
18023,33020,81.52,59515,0.0343,0.1632,0.0272
18025,10511,34.39,46706,0.0361,0.1223,0.0379
18027,33337,77.62,64113,0.0189,0.1514,0.0491
18029,50709,166.21,80352,0.0215,0.2474,0.005
18031,26432,70.95,71566,0.0313,0.2045,0.0527
18033,43312,119.37,68110,0.043,0.1896,0.0176
18035,112156,286.04,53377,0.0611,0.2547,0.0114
18037,43584,102.01,68945,0.0185,0.2393,0.0343
18039,206841,446.59,63978,0.0381,0.2004,0.0142
18041,23391,108.78,52219,0.0454,0.1542,0.0087
18043,80191,540.08,75686,0.039,0.313,0.0033
18045,16468,41.62,60559,0.052,0.1349,0.0347
18047,22850,59.44,75985,0.0214,0.2069,0.0192
18049,20420,55.43,62644,0.0716,0.178,0.0339
18051,33006,67.72,64153,0.0279,0.1796,0.0617
18053,66560,160.74,53033,0.0731,0.1843,0.01
18055,30900,56.96,57771,0.067,0.1612,0.0529
18057,349527,886.28,114866,0.0272,0.6077,0.006
18059,80170,262.03,85262,0.027,0.3282,0.0076
18061,39684,81.97,71302,0.0384,0.2065,0.0136
18063,175639,431.66,95261,0.0237,0.3923,0.0053
18065,48913,124.82,57632,0.0452,0.1706,0.0163
18067,83452,284.75,62014,0.0585,0.1984,0.0097
18069,36699,95.91,59894,0.0338,0.2192,0.0232
18071,46212,90.62,65609,0.0271,0.1856,0.0283
18073,33045,59.04,77777,0.041,0.1901,0.0432
18075,20451,53.27,52231,0.0438,0.1294,0.0586
18077,33057,91.66,57801,0.0338,0.1798,0.0127
18079,27610,73.31,66892,0.0503,0.1414,0.0162
18081,161952,505.44,82730,0.0342,0.3244,0.0085
18083,36148,70.08,58173,0.0318,0.1811,0.0444
18085,80442,151.36,70945,0.0329,0.2413,0.0219
18087,40364,106.32,81658,0.0319,0.1123,0.0355
18089,497682,997.9,66375,0.0669,0.2445,0.0036
18091,112215,187.56,66854,0.0495,0.2108,0.01
18093,45113,100.44,64210,0.0326,0.19,0.0151
18095,130545,288.87,60060,0.0551,0.1943,0.0083
18097,971737,2450.09,59504,0.0555,0.3321,0.003
18099,46208,104.16,66016,0.03,0.2003,0.019
18101,9863,29.38,65489,0.019,0.1407,0.0565
18103,35952,96.17,59551,0.0451,0.1553,0.0223
18105,140065,355.02,60308,0.0581,0.482,0.0036
18107,38018,75.34,62937,0.0397,0.2084,0.0169
18109,71757,177.69,79134,0.0398,0.2029,0.0093
18111,13829,34.42,63673,0.0965,0.1341,0.0661
18113,47431,115.45,70286,0.0338,0.1773,0.0161
18115,5974,69.34,66333,0.0181,0.1566,0.0258
18117,19768,49.62,60775,0.0303,0.1395,0.0314
18119,21361,55.44,57947,0.0522,0.153,0.0304
18121,16327,36.71,63393,0.0562,0.1507,0.0588
18123,19186,50.26,58936,0.0515,0.1616,0.0325
18125,12227,36.57,64182,0.0362,0.1412,0.0652
18127,173355,414.62,82915,0.0424,0.2991,0.0072
18129,25226,61.62,75594,0.0282,0.2548,0.027
18131,12498,28.82,56823,0.0378,0.1405,0.074
18133,36942,76.88,70609,0.0282,0.1943,0.029
18135,24586,54.35,59674,0.0564,0.1513,0.054
18137,28990,64.94,70285,0.0335,0.19,0.0332
18139,16716,40.96,62386,0.0626,0.1566,0.0448
18141,272388,595.02,61877,0.0482,0.3196,0.0041
18143,24403,128.17,49343,0.0483,0.1152,0.0082
18145,44940,109.31,66449,0.033,0.1962,0.0181
18147,19935,50.23,66168,0.0334,0.1991,0.0383
18149,23308,75.4,59916,0.0402,0.1311,0.0135
18151,34507,111.75,68837,0.0707,0.2443,0.014
18153,20791,46.49,54556,0.0504,0.1384,0.0781
18155,9896,44.85,66525,0.0441,0.1082,0.0296
18157,186955,374.73,55728,0.0357,0.3907,0.0083
18159,15328,58.83,71947,0.0385,0.248,0.0327
18161,7041,43.68,68514,0.0513,0.1991,0.0387
18163,179900,770.78,58839,0.0468,0.2706,0.0061
18165,15488,60.3,59567,0.0745,0.1785,0.0368
18167,106355,263.51,52789,0.0605,0.2561,0.0093
18169,31032,75.22,66194,0.0351,0.2169,0.0239
18171,8454,23.18,72833,0.0314,0.192,0.0636
18173,64065,166.47,91105,0.0334,0.3449,0.0197
18175,28133,54.77,60695,0.0418,0.1413,0.0421
18177,66522,165.58,54854,0.045,0.1902,0.0108
18179,28167,76.52,68074,0.0243,0.1911,0.0271
18181,24630,48.76,65345,0.0442,0.1829,0.0434
18183,34259,102.09,73636,0.0404,0.2276,0.031
19001,7479,13.14,63172,0.0389,0.1902,0.1722
19003,3680,8.69,64750,0.0424,0.2144,0.1123
19005,14046,21.98,64049,0.0317,0.1845,0.1149
19007,12279,24.69,50684,0.0613,0.1878,0.0433
19009,5651,12.76,54973,0.0067,0.2168,0.1562
19011,25652,35.82,79444,0.0235,0.2332,0.0404
19013,131041,231.62,62329,0.0523,0.2997,0.0105
19015,26700,46.8,75759,0.0132,0.2639,0.0556
19017,25012,57.44,84727,0.0316,0.3401,0.0501
19019,20631,36.13,73493,0.0301,0.2111,0.0786
19021,20687,35.98,62662,0.0501,0.2163,0.0581
19023,14376,24.78,65743,0.0391,0.1936,0.0735
19025,9893,17.36,65614,0.0271,0.214,0.0932
19027,20728,36.4,68041,0.0192,0.2213,0.0746
19029,13116,23.24,60815,0.0139,0.2085,0.0761
19031,18479,31.89,76959,0.0301,0.2089,0.0578
19033,42979,75.63,63149,0.0297,0.2396,0.0309
19035,11601,20.11,63638,0.0319,0.2172,0.0799
19037,11957,23.71,72734,0.0212,0.1862,0.0853
19039,9737,22.59,63120,0.0394,0.1525,0.039
19041,16423,28.95,61756,0.0413,0.2602,0.0591
19043,17123,21.99,60441,0.0265,0.1717,0.1131
19045,46488,66.89,61080,0.0438,0.2161,0.0302
19047,16450,23.03,61188,0.0409,0.1612,0.0752
19049,100367,170.61,99533,0.0304,0.5153,0.0164
19051,9093,18.11,77176,0.02,0.1895,0.1368
19053,7684,14.45,56068,0.0416,0.2487,0.0586
19055,17523,30.33,75896,0.0219,0.1853,0.0909
19057,38824,93.3,58084,0.0289,0.2334,0.0239
19059,17692,46.49,72446,0.0214,0.3271,0.0277
19061,98812,162.44,73495,0.0412,0.3203,0.0163
19063,9349,23.62,64461,0.0215,0.152,0.0651
19065,19519,26.71,56043,0.0374,0.1717,0.074
19067,15601,31.17,62356,0.0332,0.1821,0.0669
19069,10015,17.21,62214,0.0378,0.1854,0.0971
19071,6639,12.99,69375,0.0167,0.1916,0.1061
19073,8801,15.45,56884,0.0356,0.197,0.0859
19075,12351,24.61,80701,0.0247,0.2614,0.0918
19077,10619,17.98,75795,0.0329,0.2165,0.0537
19079,14979,25.97,66685,0.0398,0.2252,0.0719
19081,10790,18.9,67865,0.0212,0.2019,0.1042
19083,16861,29.62,64656,0.0348,0.2081,0.0999
19085,14623,20.98,75830,0.0274,0.206,0.0611
19087,20436,47.06,62365,0.0268,0.2281,0.0401
19089,9479,20.03,63947,0.0146,0.192,0.1137
19091,9606,22.11,66617,0.0254,0.1836,0.0704
19093,6969,16.15,63125,0.0201,0.197,0.0984
19095,16575,28.26,69787,0.0316,0.2276,0.0523
19097,19470,30.61,69709,0.0421,0.184,0.0524
19099,37808,51.76,67784,0.0484,0.1967,0.0542
19101,15785,36.24,52210,0.0521,0.3949,0.0168
19103,153360,250.18,72977,0.0384,0.5413,0.0148
19105,20733,36.02,68781,0.0311,0.2247,0.0673
19107,10026,17.31,60016,0.0364,0.1636,0.1177
19109,14718,15.13,62553,0.0378,0.1991,0.1149
19111,33442,64.62,58094,0.0458,0.2034,0.0329
19113,229308,319.79,75457,0.0381,0.3459,0.0131
19115,10823,26.94,72500,0.0441,0.1443,0.071
19117,8666,20.12,63405,0.0393,0.1489,0.0456
19119,12023,20.46,73735,0.0242,0.1943,0.0991
19121,16609,29.61,88110,0.0227,0.2581,0.0617
19123,22059,38.64,65200,0.0334,0.2238,0.0716
19125,33487,60.39,74193,0.0229,0.3172,0.0205
19127,40049,69.95,70828,0.0557,0.2101,0.0352
19129,14605,33.39,81907,0.0438,0.3052,0.0202
19131,10537,22.45,66056,0.0091,0.2144,0.1237
19133,8671,12.49,59897,0.0263,0.1569,0.1093
19135,7574,17.46,76324,0.0343,0.2266,0.0508
19137,10285,24.25,61261,0.0446,0.186,0.0847
19139,42968,98.22,67427,0.0354,0.2322,0.0271
19141,14138,24.67,65076,0.0242,0.2157,0.0911
19143,6149,15.42,67561,0.0453,0.1417,0.1588
19145,15225,28.46,58264,0.0655,0.1768,0.0657
19147,8938,15.85,67306,0.0365,0.2017,0.1151
19149,25621,29.69,79963,0.0211,0.2407,0.0847
19151,7061,12.23,61434,0.063,0.1706,0.1155
19153,493378,862.25,78827,0.045,0.3892,0.0111
19155,93543,98.34,68718,0.0355,0.2343,0.0189
19157,18608,31.81,61192,0.0456,0.2888,0.0516
19159,4690,8.76,67898,0.0168,0.226,0.1564
19161,9778,17.0,68778,0.0318,0.2165,0.1007
19163,174315,380.52,72792,0.0397,0.3492,0.0111
19165,11737,19.87,70295,0.0245,0.228,0.1006
19167,35815,46.64,81914,0.0231,0.3127,0.0842
19169,98573,172.17,66197,0.0557,0.5254,0.0254
19171,17017,23.6,65483,0.0453,0.1832,0.0637
19173,5916,11.12,65926,0.0321,0.1545,0.1247
19175,12107,28.58,56495,0.0574,0.2408,0.0575
19177,7207,14.87,58417,0.0485,0.1845,0.0817
19179,35292,81.72,56209,0.0438,0.1846,0.0302
19181,52709,92.5,89741,0.0317,0.3215,0.0193
19183,22534,39.61,71122,0.026,0.244,0.0576
19185,6484,12.34,58257,0.0158,0.1503,0.1144
19187,36986,51.68,65335,0.0322,0.2072,0.0541
19189,10704,26.73,62853,0.0254,0.2586,0.0491
19191,20050,29.06,67770,0.0206,0.3052,0.0695
19193,105526,120.89,68399,0.0449,0.2395,0.0233
19195,7417,18.54,69897,0.0327,0.1949,0.0711
19197,12897,22.22,58240,0.022,0.2101,0.1166
20001,12554,25.09,55059,0.0727,0.1961,0.046
20003,7799,13.45,67651,0.0333,0.1526,0.0851
20005,16309,37.82,55281,0.0446,0.2217,0.0472
20007,4081,3.6,53774,0.0242,0.2363,0.2464
20009,25477,28.46,54634,0.0412,0.2168,0.0844
20011,14405,22.67,55826,0.038,0.2372,0.0515
20013,9486,16.62,55876,0.0441,0.2007,0.0914
20015,67618,47.3,77724,0.0314,0.32,0.0254
20017,2570,3.32,52481,0.0119,0.2647,0.1304
20019,3389,5.3,51210,0.0563,0.1622,0.1381
20021,19380,32.98,53382,0.0227,0.198,0.0259
20023,2619,2.57,52730,0.0176,0.2221,0.2282
20025,1977,2.03,58287,0.0105,0.2605,0.1438
20027,8088,12.53,57765,0.0138,0.2635,0.1007
20029,9008,12.59,51197,0.0466,0.2243,0.0881
20031,8334,13.29,67645,0.0528,0.2219,0.0555
20033,1825,2.32,49754,0.0383,0.2107,0.2437
20035,34661,30.79,55726,0.0535,0.2448,0.0426
20037,39012,66.15,49779,0.0391,0.3089,0.0249
20039,2771,3.1,49412,0.0494,0.2482,0.2462
20041,18492,21.83,62971,0.0305,0.2352,0.054
20043,7501,19.06,66358,0.0159,0.1888,0.0755
20045,119094,261.31,66153,0.0479,0.5231,0.009
20047,2849,4.58,52750,0.0389,0.1788,0.248
20049,2453,3.81,50000,0.0383,0.1822,0.1372
20051,28921,32.14,59665,0.0328,0.3872,0.0607
20053,6374,8.91,59844,0.0351,0.2084,0.1232
20055,38187,29.33,68481,0.0535,0.185,0.0702
20057,34212,31.15,67997,0.0324,0.1978,0.0465
20059,25968,45.42,68217,0.0259,0.2394,0.0249
20061,36247,94.23,57992,0.0453,0.2385,0.0097
20063,2758,2.57,59417,0.0328,0.197,0.2244
20065,2430,2.7,47071,0.0609,0.2435,0.1452
20067,7336,12.76,84808,0.036,0.2022,0.327
20069,5719,6.58,74500,0.0213,0.2189,0.2022
20071,1279,1.64,69948,0.0014,0.2881,0.2166
20073,6001,5.25,51812,0.026,0.1595,0.1343
20075,2520,2.53,58750,0.0,0.1922,0.3481
20077,5457,6.81,53032,0.0529,0.1747,0.1173
20079,33959,62.92,70685,0.042,0.3066,0.0229
20081,3735,6.47,66458,0.0352,0.1579,0.3037
20083,1770,2.06,63125,0.0206,0.3052,0.2886
20085,13274,20.23,70385,0.0206,0.2097,0.0341
20087,18387,34.52,74562,0.0354,0.245,0.033
20089,2929,3.22,47109,0.015,0.1847,0.1642
20091,610742,1289.49,103644,0.0319,0.5669,0.0052
20093,3964,4.55,68750,0.0225,0.166,0.264
20095,7369,8.53,59640,0.0471,0.2432,0.0958
20097,2445,3.38,70347,0.0363,0.2533,0.1572
20099,20096,31.14,56143,0.0245,0.2255,0.0262
20101,1528,2.13,52222,0.0037,0.1989,0.1412
20103,82050,177.06,84307,0.045,0.3549,0.0135
20105,2929,4.07,52540,0.0178,0.237,0.1735
20107,9696,16.32,56697,0.0441,0.2206,0.0626
20109,2752,2.56,70382,0.0035,0.2666,0.1993
20111,32182,37.97,56415,0.0274,0.2671,0.0226
20113,30085,33.49,71250,0.0213,0.3137,0.0469
20115,11867,12.57,60011,0.0372,0.2764,0.0936
20117,10014,11.12,64306,0.0281,0.2081,0.0836
20119,4019,4.11,74063,0.0123,0.2398,0.1975
20121,34312,59.58,85564,0.0277,0.3055,0.0209
20123,5829,8.31,63008,0.0066,0.2881,0.0898
20125,31448,48.86,51513,0.0466,0.2012,0.0396
20127,5385,7.74,52866,0.0213,0.2789,0.0694
20129,2688,3.68,57943,0.0328,0.1755,0.2805
20131,10219,14.24,72788,0.0173,0.2826,0.1042
20133,15826,27.69,54894,0.045,0.2115,0.0528
20135,2677,2.49,64907,0.0063,0.209,0.2766
20137,5431,6.19,52710,0.0141,0.2078,0.0555
20139,15787,22.38,66155,0.0335,0.2004,0.0398
20141,3493,3.91,58750,0.0172,0.2314,0.1631
20143,5768,8.0,74551,0.0332,0.2369,0.0856
20145,6288,8.34,54141,0.0164,0.1835,0.1497
20147,4960,5.6,57611,0.0397,0.2013,0.144
20149,25482,30.31,85241,0.0185,0.3786,0.0393
20151,9175,12.48,61685,0.0356,0.279,0.1177
20153,2544,2.38,61827,0.0096,0.1748,0.2173
20155,61881,49.3,57390,0.0417,0.2051,0.0361
20157,4686,6.53,54531,0.0063,0.2643,0.1443
20159,9441,13.0,58523,0.0356,0.2372,0.0955
20161,72105,118.26,56327,0.0508,0.4783,0.0139
20163,4925,5.53,60821,0.0176,0.2269,0.1502
20165,2939,4.09,53523,0.0445,0.1954,0.0884
20167,6702,7.56,49929,0.0395,0.2018,0.0604
20169,54160,75.2,59887,0.0361,0.2822,0.0247
20171,5128,7.15,53365,0.0231,0.1992,0.1695
20173,522700,524.31,65372,0.0533,0.3175,0.0089
20175,21942,34.3,57131,0.0268,0.1129,0.1163
20177,178625,328.34,63463,0.0417,0.3175,0.01
20179,2450,2.73,66719,0.0044,0.243,0.3014
20181,5940,5.62,61404,0.024,0.2609,0.0992
20183,3561,3.98,50943,0.0209,0.231,0.132
20185,4054,5.12,60000,0.0352,0.261,0.1852
20187,2060,3.03,66000,0.0302,0.1739,0.2938
20189,5275,7.25,67950,0.0191,0.1253,0.2178
20191,22517,19.06,59397,0.0522,0.2392,0.0372
20193,7907,7.36,72417,0.006,0.2647,0.0927
20195,2798,3.15,77500,0.0257,0.2497,0.1416
20197,6922,8.71,70000,0.03,0.2511,0.0761
20199,1489,1.63,57708,0.0219,0.2593,0.2773
20201,5529,6.18,59432,0.0185,0.2254,0.165
20203,2131,2.97,69551,0.0228,0.2143,0.3124
20205,8667,15.19,55439,0.0366,0.1954,0.0591
20207,3134,6.3,50670,0.0621,0.211,0.1571
20209,167989,1107.83,57771,0.0573,0.1999,0.0075
21001,18887,46.6,49690,0.0665,0.1863,0.0213
21003,20773,60.33,57159,0.0734,0.183,0.0465
21005,23839,117.92,69885,0.0539,0.2534,0.0174
21007,7742,31.35,57111,0.0522,0.1734,0.0425
21009,44511,91.29,48141,0.0491,0.1745,0.0326
21011,12739,45.69,51471,0.0288,0.1436,0.0271
21013,24248,67.53,33658,0.0995,0.1167,0.0573
21015,136150,552.81,91697,0.028,0.3464,0.0069
21017,20228,69.81,54580,0.0549,0.2324,0.1061
21019,48242,301.76,58327,0.0688,0.2085,0.0153
21021,30613,169.74,56568,0.062,0.2676,0.0195
21023,8420,41.54,59911,0.0618,0.1757,0.0194
21025,13580,27.58,38209,0.0889,0.1703,0.0307
21027,20528,36.03,51756,0.0769,0.1434,0.0323
21029,82482,277.67,73900,0.0463,0.1755,0.0066
21031,12365,29.02,47589,0.0539,0.1133,0.0319
21033,12635,36.65,52488,0.0467,0.1613,0.0743
21035,37345,96.99,48276,0.0471,0.3153,0.0296
21037,93122,615.32,71979,0.0376,0.3927,0.0034
21039,4782,25.24,53065,0.0422,0.1334,0.0226
21041,10842,84.26,50625,0.0668,0.0576,0.0051
21043,26671,65.13,47004,0.0596,0.1449,0.0156
21045,15942,35.89,42190,0.1038,0.1221,0.0636
21047,72766,101.41,48920,0.0756,0.191,0.0292
21049,36897,146.13,61878,0.0519,0.1995,0.0098
21051,20322,43.3,37888,0.1,0.1427,0.0114
21053,9295,47.12,41180,0.0559,0.14,0.0432
21055,8979,24.94,45810,0.0341,0.1247,0.0875
21057,5974,19.57,40515,0.0379,0.1713,0.0326
21059,102916,224.52,64021,0.0409,0.2541,0.0217
21061,12179,40.21,53029,0.0682,0.1143,0.0271
21063,7378,31.49,39469,0.0603,0.1016,0.018
21065,14138,55.86,39980,0.0872,0.1111,0.0048
21067,321276,1132.7,66087,0.0497,0.4655,0.0134
21069,15111,43.35,46885,0.0843,0.1578,0.0516
21071,35780,90.98,38723,0.0677,0.1305,0.0463
21073,51475,247.66,62929,0.0475,0.3156,0.02
21075,6480,31.47,35449,0.0559,0.1403,0.0519
21077,8720,88.65,58641,0.0371,0.1303,0.0165
21079,17175,74.64,58263,0.0529,0.1992,0.0415
21081,25085,97.24,65461,0.0445,0.1575,0.0148
21083,36701,66.52,52526,0.0368,0.1864,0.0576
21085,26465,52.94,47024,0.0485,0.1325,0.0331
21087,11198,39.15,38595,0.0948,0.1355,0.0176
21089,35853,104.08,58562,0.0617,0.1762,0.0109
21091,9058,48.26,68102,0.0445,0.1742,0.0133
21093,111005,178.07,64136,0.0684,0.2393,0.0072
21095,26589,57.08,35128,0.108,0.1052,0.0736
21097,18803,61.37,58840,0.0277,0.1805,0.0369
21099,19345,46.89,45561,0.0353,0.105,0.0313
21101,44770,102.61,56912,0.038,0.1886,0.0186
21103,15731,54.95,58294,0.0395,0.1475,0.0261
21105,4491,18.54,68589,0.0409,0.2222,0.0508
21107,45223,83.42,54466,0.0774,0.1547,0.0559
21109,13002,37.67,38516,0.0598,0.1116,0.0185
21111,779232,2046.29,66296,0.0506,0.3611,0.0021
21113,53381,310.05,69905,0.0455,0.3031,0.0104
21115,22631,86.39,44231,0.0535,0.1457,0.0241
21117,169066,1054.75,76016,0.0438,0.3646,0.0047
21119,14282,40.63,38336,0.1063,0.163,0.0517
21121,30207,78.19,34254,0.0887,0.1671,0.0261
21123,14902,56.98,57867,0.0279,0.1523,0.0188
21125,62442,143.88,53693,0.0363,0.1659,0.0164
21127,16228,39.05,42488,0.0519,0.1086,0.0497
21129,7338,35.13,31682,0.0808,0.0733,0.021
21131,10468,26.11,37019,0.0999,0.1155,0.0631
21133,21490,63.59,38466,0.0775,0.1309,0.0472
21135,13063,27.05,36662,0.0735,0.1017,0.0259
21137,24320,73.07,49487,0.0655,0.1538,0.0404
21139,8980,28.67,56125,0.0614,0.1319,0.0412
21141,27498,49.8,58869,0.0558,0.1711,0.0625
21143,8721,40.78,64081,0.0358,0.1452,0.0245
21145,67573,271.68,58490,0.0357,0.282,0.0076
21147,16892,39.58,35000,0.0561,0.068,0.033
21149,9173,36.32,64020,0.0671,0.1798,0.0761
21151,92955,212.54,59797,0.0543,0.3334,0.0094
21153,11647,37.76,31927,0.1283,0.1089,0.0432
21155,19627,57.21,49627,0.0597,0.1284,0.0205
21157,31706,104.91,64597,0.0298,0.2241,0.0167
21159,11298,49.2,45265,0.0639,0.1079,0.0894
21161,17068,71.08,48460,0.0471,0.2259,0.0325
21163,29964,98.1,68518,0.0417,0.1782,0.0154
21165,6174,30.33,43797,0.0466,0.1077,0.0284
21167,22662,90.99,60728,0.0449,0.2166,0.0353
21169,10313,35.61,46932,0.048,0.1411,0.0497
21171,11331,34.4,47252,0.0535,0.1598,0.0651
21173,28188,142.83,53436,0.0598,0.1817,0.0107
21175,13840,36.31,46018,0.0311,0.1775,0.0126
21177,30735,65.76,50935,0.0488,0.1331,0.0315
21179,46779,112.04,66212,0.0295,0.2253,0.0178
21181,7613,39.01,57539,0.0563,0.0708,0.0785
21183,23782,40.49,52474,0.0451,0.1439,0.0367
21185,67997,363.15,117334,0.0386,0.4535,0.0084
21187,11229,31.98,56485,0.0459,0.1887,0.0269
21189,4054,20.54,32844,0.1415,0.111,0.0273
21191,14638,52.81,58723,0.05,0.1655,0.0144
21193,28136,82.83,45330,0.0753,0.1322,0.0456
21195,58196,73.97,41271,0.0728,0.1585,0.048
21197,13089,73.13,38415,0.0708,0.1506,0.018
21199,65145,98.94,48768,0.0488,0.1779,0.0187
21201,2207,22.09,53798,0.0704,0.122,0.0312
21203,16171,51.09,45693,0.0656,0.1204,0.0198
21205,24551,87.73,50038,0.0459,0.2708,0.0142
21207,18021,71.03,48220,0.0607,0.1644,0.0251
21209,57286,203.31,80782,0.0375,0.3189,0.0157
21211,48105,126.67,81012,0.0326,0.3021,0.0227
21213,19574,83.58,55907,0.0353,0.1455,0.0121
21215,19549,104.69,101118,0.0624,0.2207,0.0117
21217,26056,97.82,63211,0.049,0.2299,0.0267
21219,12281,32.79,57891,0.0434,0.1646,0.1436
21221,14154,32.06,55864,0.04,0.2048,0.04
21223,8510,56.12,66492,0.0835,0.1367,0.0286
21225,13495,39.37,58260,0.0366,0.1019,0.1382
21227,135307,249.77,63074,0.0474,0.3293,0.0118
21229,12025,40.49,65456,0.0232,0.1979,0.0474
21231,19666,42.92,41583,0.0517,0.1383,0.0526
21233,12951,39.0,55451,0.0591,0.1145,0.0712
21235,36648,83.7,44332,0.0642,0.1871,0.0133
21237,6573,29.59,28666,0.2026,0.0705,0.002
21239,26886,141.42,78295,0.0246,0.4066,0.0684
22001,57674,88.02,44977,0.0877,0.137,0.0737
22003,22798,29.92,52755,0.0888,0.1205,0.0541
22005,126973,437.88,93800,0.0454,0.2903,0.0103
22007,21067,61.24,47023,0.0798,0.1344,0.0491
22009,39529,47.51,38696,0.0745,0.1228,0.048
22011,36553,31.58,68525,0.0806,0.1788,0.0438
22013,12958,15.97,34268,0.056,0.1238,0.0955
22015,128877,153.51,64598,0.0556,0.2757,0.037
22017,236259,268.64,47572,0.0861,0.2429,0.0241
22019,210770,198.08,64370,0.056,0.2355,0.0203
22021,9658,18.23,45707,0.1291,0.1205,0.1052
22023,5447,4.24,69847,0.0208,0.144,0.1227
22025,8895,12.56,48259,0.0648,0.1756,0.1749
22027,14203,18.82,32034,0.0515,0.1165,0.0802
22029,18677,26.79,38929,0.1196,0.1756,0.0997
22031,26821,30.6,49807,0.069,0.1632,0.0719
22033,454369,997.51,62083,0.0709,0.3818,0.0088
22035,7371,17.51,30856,0.151,0.1179,0.0408
22037,19452,42.91,64709,0.0547,0.1613,0.0328
22039,32335,48.81,34526,0.1402,0.1223,0.076
22041,19752,31.64,41129,0.0918,0.1535,0.143
22043,22185,34.49,57362,0.0398,0.1203,0.0555
22045,69958,121.94,55190,0.0634,0.1416,0.0949
22047,30210,48.83,59410,0.0751,0.1493,0.031
22049,15093,26.51,40406,0.049,0.1283,0.0544
22051,436171,1449.32,63257,0.0601,0.2978,0.0104
22053,32277,49.54,52470,0.0402,0.152,0.1019
22055,243175,904.58,66617,0.0525,0.3464,0.0592
22057,97220,91.05,61381,0.0648,0.1862,0.0704
22059,14764,23.63,59926,0.046,0.177,0.1592
22061,48323,102.46,37001,0.0415,0.3657,0.0324
22063,143425,221.29,77978,0.0449,0.2174,0.0231
22065,10028,16.07,34508,0.0582,0.1402,0.0895
22067,25438,32.0,37875,0.0882,0.1287,0.0292
22069,37478,29.9,41310,0.089,0.2283,0.0408
22071,380408,2244.44,51116,0.0843,0.4074,0.0093
22073,159585,261.47,49261,0.0647,0.2582,0.0141
22075,23305,29.87,77996,0.0442,0.19,0.0664
22077,20652,37.09,53045,0.0739,0.1477,0.0354
22079,129536,98.1,55407,0.0567,0.223,0.0249
22081,7631,19.62,43821,0.0335,0.1064,0.0775
22083,20028,36.05,48125,0.068,0.1633,0.0748
22085,22209,25.63,40777,0.0746,0.1331,0.1431
22087,44038,116.65,55857,0.0801,0.1682,0.022
22089,52191,187.91,79191,0.067,0.2716,0.0129
22091,10872,26.61,46402,0.2149,0.1201,0.0823
22093,20090,84.46,62946,0.036,0.1867,0.0197
22095,41986,195.76,65114,0.0932,0.1638,0.0094
22097,82574,89.36,44478,0.0692,0.1412,0.0592
22099,51856,70.32,50806,0.0618,0.142,0.0806
22101,49114,88.36,47322,0.0588,0.1232,0.0868
22103,266168,314.9,76914,0.0525,0.3639,0.0208
22105,133953,169.31,55274,0.056,0.2149,0.0178
22107,4127,6.84,35653,0.1239,0.1422,0.1712
22109,108862,88.52,63088,0.0588,0.1705,0.0946
22111,21049,24.0,47068,0.0544,0.1737,0.0996
22113,57202,48.74,56194,0.0616,0.1874,0.1289
22115,48452,36.52,56547,0.0611,0.1873,0.0377
22117,45514,67.97,41803,0.105,0.1172,0.0305
22119,36761,61.96,34263,0.0526,0.1441,0.0696
22121,27377,142.33,80510,0.0757,0.2308,0.0191
22123,9800,27.25,45035,0.0455,0.1143,0.127
22125,15358,38.08,71985,0.0895,0.2116,0.0073
22127,13665,14.38,44922,0.0395,0.1327,0.0848
23001,111532,238.34,64500,0.0485,0.2281,0.0134
23003,67237,10.08,50843,0.0575,0.214,0.067
23005,303357,362.77,87710,0.0323,0.5063,0.0112
23007,29839,17.58,56890,0.0444,0.2878,0.0334
23009,55851,35.19,64149,0.0387,0.366,0.0672
23011,124003,142.95,62118,0.041,0.2987,0.0198
23013,40729,111.54,68904,0.0377,0.3785,0.0573
23015,35466,77.8,69638,0.0335,0.3923,0.0446
23017,58276,28.06,54780,0.0548,0.2148,0.0362
23019,152640,44.93,59438,0.0427,0.2978,0.017
23021,16936,4.28,51805,0.0486,0.2083,0.0334
23023,36868,145.17,77591,0.0441,0.3866,0.0134
23025,50656,12.91,53527,0.0421,0.1975,0.0355
23027,39772,54.48,62694,0.0463,0.3326,0.0414
23029,31096,12.13,51669,0.0702,0.2463,0.1057
23031,212691,214.58,79743,0.034,0.3319,0.0114
24001,68161,161.44,55248,0.0676,0.2083,0.0105
24003,588109,1417.78,116009,0.0416,0.4413,0.0027
24005,850737,1421.79,88157,0.0523,0.4116,0.0038
24009,93244,437.38,128078,0.0318,0.3558,0.0046
24011,33320,104.31,65326,0.0461,0.1771,0.058
24013,173225,386.98,111672,0.0315,0.3875,0.0111
24015,103876,299.96,86869,0.0489,0.2675,0.0126
24017,167035,364.85,116882,0.0489,0.3106,0.0024
24019,32557,60.21,57490,0.0548,0.1915,0.0468
24021,273829,414.52,115724,0.0372,0.4363,0.0105
24023,28856,44.46,64447,0.0463,0.2462,0.0297
24025,261059,597.22,106417,0.0369,0.3877,0.0045
24027,332011,1323.02,140971,0.0378,0.6401,0.0034
24029,19289,69.63,71635,0.0328,0.3735,0.0613
24031,1056910,2143.36,125583,0.0484,0.6003,0.0028
24033,957189,1983.2,97935,0.0669,0.3563,0.0022
24035,50316,135.37,108332,0.0363,0.3657,0.0194
24037,113814,317.37,113668,0.0365,0.3492,0.0098
24039,24672,77.16,52149,0.0704,0.1685,0.0376
24041,37663,140.24,81667,0.0317,0.4145,0.0209
24043,154645,337.83,73017,0.0499,0.2298,0.0115
24045,103815,277.26,69421,0.0687,0.2895,0.0169
24047,52827,112.78,76689,0.0652,0.3209,0.0257
24510,584548,7221.45,58349,0.0692,0.349,0.0024
25001,229436,582.0,90447,0.0447,0.4606,0.008
25003,128763,138.92,69744,0.0531,0.3796,0.0093
25005,576699,1042.64,80628,0.0572,0.2968,0.0066
25007,20543,199.06,93225,0.0705,0.4316,0.0165
25009,806103,1636.69,94378,0.053,0.4174,0.004
25011,70980,101.51,70383,0.0569,0.398,0.0294
25013,464575,752.96,66619,0.0621,0.2865,0.0056
25015,153931,291.96,84025,0.0527,0.504,0.0077
25017,1623109,1984.59,121304,0.0441,0.5847,0.0031
25019,14065,304.49,135590,0.0554,0.5737,0.0089
25021,722112,1823.02,120621,0.05,0.5629,0.0026
25023,529548,804.17,105387,0.0518,0.4054,0.0057
25025,785443,13483.11,87669,0.0672,0.4924,0.0013
25027,858898,568.55,88524,0.0556,0.3837,0.0043
26001,10238,15.18,50295,0.0632,0.1998,0.0356
26003,8866,9.69,55528,0.0508,0.2071,0.047
26005,120189,145.64,75543,0.0337,0.2413,0.0223
26007,28911,50.55,49133,0.0735,0.1673,0.0224
26009,23662,49.74,68850,0.0456,0.3245,0.0311
26011,15031,41.39,53487,0.0723,0.1458,0.0425
26013,8245,9.18,51911,0.0492,0.1556,0.0381
26015,62581,113.15,75182,0.0526,0.2363,0.0275
26017,103752,234.52,57887,0.0483,0.2009,0.0114
26019,18058,56.48,71327,0.0447,0.3244,0.0149
26021,153938,271.12,60379,0.066,0.3008,0.0132
26023,44795,88.46,60600,0.0489,0.1606,0.0321
26025,134011,189.75,58191,0.0679,0.2204,0.0186
26027,51604,105.29,65183,0.05,0.2117,0.0185
26029,26174,62.87,69764,0.0381,0.3299,0.014
26031,25709,35.94,59557,0.072,0.2251,0.0167
26033,36670,23.53,58408,0.077,0.2287,0.0173
26035,30998,54.93,47816,0.093,0.1216,0.0284
26037,79249,139.93,82594,0.037,0.3224,0.02
26039,13197,23.72,57998,0.061,0.1957,0.0258
26041,36839,31.46,53852,0.0515,0.197,0.0228
26043,25937,34.09,59651,0.0382,0.2388,0.0184
26045,109072,189.62,77158,0.0483,0.3028,0.0108
26047,34072,72.88,69690,0.0379,0.3788,0.0098
26049,405280,636.29,58594,0.0849,0.2279,0.0077
26051,25461,50.74,53717,0.0688,0.1437,0.0206
26053,14597,13.24,47913,0.06,0.2237,0.0367
26055,95315,205.27,75553,0.039,0.3866,0.0142
26057,41534,73.07,57934,0.0491,0.1813,0.0363
26059,45698,76.4,59425,0.0441,0.1956,0.0316
26061,37414,37.08,52736,0.0617,0.3577,0.0113
26063,31461,37.63,54475,0.0526,0.1659,0.0853
26065,282540,508.09,62548,0.0642,0.4064,0.0063
26067,66663,116.68,71720,0.0533,0.1684,0.0461
26069,25319,46.11,46224,0.0741,0.1633,0.0231
26071,11585,9.94,52241,0.0461,0.1985,0.0313
26073,64938,113.39,52638,0.0716,0.3065,0.0241
26075,160637,228.86,62581,0.0632,0.2248,0.0104
26077,261426,465.21,67905,0.0644,0.4048,0.0101
26079,17934,32.04,56380,0.046,0.1734,0.0413
26081,657321,774.29,76247,0.0448,0.3859,0.0074
26083,2088,3.87,55560,0.0467,0.3829,0.0038
26085,12285,21.64,45946,0.0746,0.1216,0.0297
26087,88687,137.08,75402,0.0532,0.1911,0.0195
26089,22426,64.59,82345,0.0321,0.4864,0.0349
26091,99263,132.42,65484,0.0556,0.2248,0.0271
26093,194302,343.72,96135,0.0396,0.3814,0.0064
26095,5442,6.05,51015,0.083,0.1728,0.0466
26097,10843,10.61,60620,0.1013,0.2572,0.035
26099,878453,1832.62,73876,0.0575,0.268,0.0029
26101,25058,46.2,59467,0.0658,0.2252,0.0252
26103,66376,36.69,63115,0.0561,0.3468,0.039
26105,29178,58.95,60744,0.0485,0.242,0.0351
26107,40128,72.28,54132,0.0551,0.2375,0.027
26109,23433,22.44,54074,0.0452,0.1666,0.0363
26111,83503,161.37,73643,0.0498,0.3562,0.0086
26113,15089,26.72,57667,0.0687,0.1686,0.0852
26115,154823,281.83,72573,0.0567,0.226,0.01
26117,66901,94.85,61250,0.0425,0.1436,0.0333
26119,9261,16.94,46345,0.062,0.1519,0.044
26121,175947,349.16,61347,0.0746,0.2069,0.0076
26123,50130,59.76,59065,0.0466,0.1826,0.041
26125,1272264,1466.97,92620,0.0477,0.4953,0.0029
26127,26707,49.63,60691,0.0504,0.196,0.1055
26129,20820,36.95,50377,0.0709,0.1457,0.039
26131,5862,4.47,48316,0.0631,0.1521,0.0837
26133,23022,40.65,54875,0.0766,0.1654,0.0452
26135,8264,14.61,48692,0.0889,0.1378,0.0332
26137,25221,48.97,62865,0.0479,0.2626,0.0304
26139,296183,525.59,83932,0.0378,0.365,0.0122
26141,13083,19.86,55986,0.0644,0.1983,0.0726
26143,23556,45.31,49898,0.0573,0.1851,0.0133
26145,189821,237.04,56579,0.0665,0.2288,0.0127
26147,160257,222.11,66887,0.0671,0.199,0.0114
26149,60887,121.63,62281,0.0525,0.1718,0.0324
26151,40759,42.34,55740,0.0655,0.1527,0.0811
26153,8062,6.88,55071,0.0792,0.2014,0.0537
26155,68124,128.3,62498,0.0405,0.1918,0.0136
26157,53218,66.12,59815,0.0611,0.153,0.0386
26159,75636,124.44,65531,0.0466,0.2222,0.028
26161,370231,524.4,84245,0.0469,0.5742,0.0051
26163,1781641,2911.95,57223,0.0897,0.265,0.0029
26165,33766,59.77,58652,0.0634,0.1985,0.0214
27001,15859,8.71,56406,0.0583,0.1834,0.0372
27003,363985,862.6,95782,0.0403,0.3145,0.0064
27005,35202,26.77,68683,0.0427,0.2631,0.0459
27007,46274,18.47,62173,0.0535,0.3144,0.0248
27009,41300,101.15,70346,0.0371,0.2365,0.0186
27011,5161,10.34,63024,0.0199,0.2034,0.1288
27013,69022,92.29,70906,0.0374,0.3516,0.024
27015,25880,42.35,67038,0.0273,0.2394,0.0779
27017,36362,42.22,74660,0.0466,0.251,0.0117
27019,107216,302.85,116308,0.0309,0.4976,0.0182
27021,30288,14.98,61970,0.0637,0.2485,0.0286
27023,12466,21.45,62112,0.0522,0.1979,0.0675
27025,56927,137.21,97446,0.0373,0.2357,0.0083
27027,65307,62.48,75006,0.0398,0.3669,0.0242
27029,8541,8.55,62723,0.0759,0.1826,0.0474
27031,5611,3.86,71937,0.0307,0.464,0.0132
27033,11481,17.94,63586,0.0393,0.2251,0.1156
27035,66558,66.67,65975,0.0504,0.2716,0.0143
27037,439179,780.71,101360,0.0368,0.4412,0.0063
27039,20893,47.56,92890,0.0286,0.303,0.0517
27041,39081,61.36,72472,0.0305,0.2841,0.0255
27043,13931,19.55,64000,0.0425,0.214,0.0973
27045,21251,24.67,73234,0.0317,0.2329,0.0824
27047,30857,43.63,65679,0.0435,0.1707,0.0476
27049,47697,63.03,78338,0.0396,0.2779,0.0488
27051,6091,11.12,67600,0.0374,0.1904,0.1152
27053,1270787,2293.69,92595,0.0433,0.5257,0.0047
27055,18826,34.1,71580,0.0155,0.2668,0.0382
27057,21479,23.2,67197,0.0428,0.2959,0.0376
27059,41257,94.68,84063,0.0422,0.197,0.0128
27061,45054,16.89,63962,0.062,0.2467,0.0371
27063,9990,14.21,68368,0.0203,0.2308,0.0953
27065,16145,30.95,68995,0.0438,0.1498,0.0209
27067,43686,54.79,73285,0.0384,0.259,0.0424
27069,4191,3.81,66000,0.0306,0.2721,0.1369
27071,12072,3.89,59779,0.0506,0.1708,0.029
27073,6736,8.8,66967,0.0214,0.2078,0.1582
27075,10915,5.18,73860,0.0276,0.2605,0.054
27077,3786,2.92,61667,0.0207,0.2123,0.033
27079,28795,64.18,87180,0.0359,0.2466,0.0386
27081,5630,10.49,64750,0.027,0.2235,0.148
27083,25352,35.49,68919,0.0304,0.2751,0.0734
27085,36727,74.72,73296,0.0318,0.1891,0.0277
27087,5389,9.66,52739,0.1034,0.1371,0.0872
27089,9017,5.08,69396,0.0286,0.1851,0.1404
27091,19960,28.02,61674,0.0519,0.2308,0.107
27093,23352,38.41,75926,0.0254,0.2003,0.0575
27095,26680,46.62,68088,0.0469,0.1666,0.0218
27097,34023,30.24,66264,0.0409,0.1747,0.0615
27099,40082,56.35,66972,0.0319,0.2399,0.0346
27101,8170,11.59,71500,0.0296,0.2158,0.1248
27103,34380,76.64,79113,0.0186,0.3491,0.0319
27105,22194,31.04,62973,0.0299,0.1705,0.0735
27107,6457,7.4,65278,0.0513,0.2187,0.1526
27109,162307,248.36,90420,0.0343,0.4766,0.0105
27111,60072,30.47,67990,0.0528,0.2656,0.0494
27113,13995,22.7,71504,0.0189,0.1966,0.0315
27115,29090,20.61,65059,0.0585,0.154,0.0317
27117,9380,20.17,68341,0.0291,0.2052,0.0895
27119,31128,15.79,69540,0.0341,0.2667,0.0701
27121,11312,16.9,71212,0.0099,0.2239,0.0775
27123,547202,3594.15,78108,0.0474,0.4472,0.0058
27125,3912,9.05,73889,0.0145,0.1734,0.0712
27127,15428,17.56,65617,0.0172,0.2,0.1157
27129,14707,14.96,66313,0.0309,0.1796,0.1193
27131,67152,135.43,78214,0.0533,0.2995,0.0327
27133,9659,20.02,75060,0.0278,0.2742,0.0957
27135,15294,9.15,70122,0.0433,0.1997,0.0623
27137,200122,32.03,66491,0.0461,0.3167,0.0316
27139,151347,424.81,118268,0.0318,0.4288,0.0117
27141,97820,225.96,99431,0.0302,0.2727,0.0092
27143,14950,25.39,74781,0.032,0.1785,0.0956
27145,158622,118.13,73105,0.0444,0.2845,0.0313
27147,37396,87.04,79722,0.0341,0.2835,0.0361
27149,9682,17.18,69737,0.0136,0.2861,0.1607
27151,9806,13.22,58362,0.037,0.2288,0.1483
27153,25277,26.75,63216,0.0408,0.1484,0.0857
27155,3345,5.83,63456,0.0401,0.1619,0.2025
27157,21460,41.04,75063,0.0223,0.267,0.068
27159,14108,26.3,54747,0.0609,0.1836,0.0761
27161,18953,44.77,71856,0.033,0.2197,0.0572
27163,268651,698.31,110828,0.0302,0.4789,0.0083
27165,11205,25.76,65197,0.0608,0.1819,0.0902
27167,6454,8.59,67114,0.0505,0.2421,0.1194
27169,49792,79.52,66162,0.0279,0.318,0.0357
27171,142543,215.6,102980,0.0218,0.3309,0.0164
27173,9569,12.61,70605,0.0323,0.1939,0.1202
28001,29425,63.64,37271,0.0713,0.2029,0.0296
28003,34717,86.78,47716,0.0637,0.1762,0.0173
28005,12683,17.37,34866,0.0745,0.0924,0.0884
28007,17842,24.28,42680,0.0715,0.1619,0.0245
28009,7637,18.78,38750,0.0444,0.11,0.0732
28011,30688,35.01,37845,0.0745,0.2717,0.07
28013,13193,22.49,44505,0.0424,0.1196,0.0834
28015,9930,15.8,42285,0.0597,0.1799,0.0235
28017,17024,33.93,40224,0.0312,0.1127,0.0457
28019,8208,19.63,41887,0.0732,0.1733,0.0707
28021,9044,18.56,34282,0.0903,0.2229,0.0442
28023,15553,22.49,46329,0.0564,0.1268,0.0724
28025,18598,45.35,37412,0.0885,0.1801,0.033
28027,21264,38.45,36075,0.1079,0.2003,0.0353
28029,28210,36.29,46889,0.0517,0.2134,0.0276
28031,18323,44.28,40164,0.0583,0.1571,0.0254
28033,186214,390.92,79666,0.0442,0.2745,0.0095
28035,77917,167.19,49340,0.0735,0.2866,0.0103
28037,7690,13.64,43942,0.026,0.1648,0.1178
28039,24547,51.28,51349,0.104,0.1601,0.0303
28041,13672,19.18,50000,0.1255,0.1136,0.0708
28043,21474,50.87,45745,0.0411,0.2208,0.0146
28045,46010,97.07,63623,0.0621,0.2437,0.0186
28047,208748,363.9,55211,0.0844,0.248,0.0097
28049,226541,260.44,48596,0.0778,0.3132,0.0055
28051,16848,22.27,28818,0.0881,0.1475,0.0199
28053,7744,18.5,31907,0.1371,0.1862,0.0847
28055,1206,2.92,17900,0.1214,0.0516,0.2541
28057,23888,44.84,57252,0.028,0.1526,0.0258
28059,143721,198.83,60045,0.0805,0.236,0.012
28061,16320,24.13,43914,0.0378,0.149,0.0676
28063,7207,13.86,31544,0.0539,0.1973,0.0333
28065,11291,27.64,36473,0.0919,0.1416,0.0312
28067,67152,96.64,49451,0.0368,0.2074,0.0486
28069,8980,11.72,42947,0.1407,0.1654,0.0469
28071,56172,88.92,59748,0.0279,0.4508,0.0092
28073,64425,129.74,67972,0.0582,0.336,0.0235
28075,72741,103.37,45649,0.0548,0.2043,0.0127
28077,11933,27.71,41096,0.1199,0.139,0.0826
28079,21335,36.6,46669,0.0599,0.1694,0.0545
28081,83343,185.22,64479,0.0556,0.2832,0.0134
28083,27920,47.0,33115,0.118,0.1922,0.0509
28085,34855,59.46,47069,0.0427,0.1918,0.0544
28087,58547,115.83,53687,0.0624,0.2611,0.0095
28089,109257,152.94,79105,0.0416,0.4955,0.0094
28091,24362,44.92,38399,0.0945,0.1127,0.0941
28093,33980,48.12,51431,0.0481,0.1398,0.01
28095,34168,44.66,51190,0.0549,0.1607,0.0098
28097,9803,24.09,36845,0.0781,0.1688,0.0185
28099,28970,50.81,47400,0.0933,0.1531,0.0372
28101,21275,36.82,49160,0.0431,0.1617,0.0537
28103,10261,14.76,42298,0.0931,0.1336,0.0769
28105,51388,112.14,42953,0.068,0.4445,0.01
28107,33157,48.39,47894,0.095,0.1604,0.0231
28109,56351,69.46,54220,0.0558,0.1594,0.0256
28111,11511,17.78,48333,0.0632,0.1078,0.0403
28113,40098,97.99,40131,0.0721,0.1674,0.0409
28115,31202,62.68,54414,0.0294,0.1785,0.0091
28117,24945,60.11,51578,0.05,0.1848,0.0094
28119,6113,15.09,31192,0.1224,0.1437,0.0343
28121,157185,202.69,76460,0.044,0.3274,0.0089
28123,27943,45.87,44968,0.0603,0.1108,0.0357
28125,3910,9.06,41000,0.1282,0.1605,0.0821
28127,25889,43.94,50867,0.0601,0.1646,0.04
28129,14310,22.49,51983,0.0349,0.1448,0.0631
28131,18360,41.21,55894,0.0812,0.1429,0.0085
28133,25867,37.07,37403,0.1109,0.1735,0.0618
28135,12621,19.56,35428,0.1105,0.1167,0.0712
28137,28094,69.41,61286,0.0725,0.1806,0.0244
28139,21769,47.55,47968,0.0597,0.1585,0.027
28141,18837,44.4,45545,0.0354,0.148,0.0035
28143,9787,21.55,41676,0.1218,0.1692,0.0491
28145,27880,67.08,55970,0.0407,0.1769,0.024
28147,13888,34.38,37145,0.0651,0.1828,0.1095
28149,44341,75.34,54117,0.047,0.2675,0.0099
28151,44604,61.61,38394,0.0951,0.206,0.0336
28153,19760,24.37,34875,0.0872,0.1984,0.0669
28155,9942,23.61,55657,0.0638,0.1791,0.0238
28157,8531,12.58,34928,0.063,0.1147,0.0064
28159,17741,29.22,45516,0.0691,0.1741,0.0587
28161,12499,26.76,47006,0.0504,0.1234,0.006
28163,27467,29.78,41867,0.104,0.1187,0.0581
29001,25299,44.59,51020,0.0546,0.3429,0.0394
29003,18069,41.77,68774,0.0415,0.2612,0.0337
29005,5270,9.63,58521,0.026,0.2131,0.1041
29007,24873,35.93,51745,0.039,0.1537,0.0514
29009,34701,44.6,55592,0.0358,0.149,0.052
29011,11683,19.73,48105,0.0612,0.1831,0.1036
29013,16101,19.24,54122,0.0751,0.1388,0.0732
29015,19616,27.86,50229,0.0499,0.1505,0.0353
29017,10658,17.25,52306,0.0487,0.117,0.03
29019,184043,268.46,66564,0.039,0.4972,0.0098
29021,84544,207.09,58303,0.0481,0.2335,0.0102
29023,42280,60.86,47245,0.0527,0.139,0.0275
29025,8876,20.82,58269,0.0479,0.1681,0.05
29027,44517,53.34,70599,0.0522,0.2487,0.0304
29029,43227,65.89,59834,0.0521,0.2256,0.0135
29031,81703,141.23,65070,0.0315,0.3363,0.0153
29033,8513,12.26,59101,0.0469,0.2074,0.1073
29035,5299,10.44,45737,0.0115,0.1484,0.0285
29037,108205,155.33,82473,0.0452,0.2786,0.0157
29039,14314,30.17,43589,0.0253,0.1733,0.0413
29041,7417,9.87,61910,0.0431,0.2145,0.0885
29043,89568,159.21,75787,0.036,0.3187,0.0104
29045,6693,13.26,53362,0.0394,0.1292,0.0564
29047,253085,636.43,82264,0.0402,0.3495,0.0077
29049,21155,50.5,66494,0.0611,0.2234,0.023
29051,76890,196.37,70667,0.0311,0.358,0.0074
29053,16893,29.91,62239,0.0498,0.2335,0.0485
29055,23023,31.01,52367,0.0694,0.1359,0.0278
29057,7598,15.51,46806,0.0566,0.144,0.08
29059,17158,31.72,46547,0.0491,0.1332,0.0465
29061,8418,14.94,59706,0.0205,0.2008,0.075
29063,11838,28.09,67910,0.031,0.1461,0.0631
29065,14509,19.27,51410,0.0478,0.1729,0.0478
29067,11803,14.51,47848,0.0652,0.1575,0.0596
29069,28174,51.99,44868,0.0573,0.1364,0.067
29071,104858,113.65,70111,0.0461,0.2138,0.0106
29073,14801,28.52,62638,0.0211,0.1935,0.0355
29075,6219,12.66,53799,0.0288,0.2115,0.0896
29077,299188,443.03,54968,0.0388,0.3239,0.0062
29079,9878,22.69,51045,0.0409,0.1499,0.0643
29081,8190,11.34,51809,0.0226,0.1692,0.0871
29083,22064,31.66,54903,0.0673,0.1588,0.0342
29085,8452,21.19,33302,0.088,0.1006,0.0455
29087,4274,9.24,55153,0.0389,0.2107,0.0968
29089,10142,21.87,59023,0.0449,0.2641,0.0417
29091,39960,43.1,46401,0.0548,0.1797,0.0205
29093,9538,17.33,53401,0.0331,0.1884,0.0773
29095,715526,1183.63,65169,0.0486,0.3296,0.0041
29097,122788,192.31,54963,0.0415,0.2474,0.0121
29099,226984,345.78,77217,0.0375,0.2276,0.0064
29101,54025,65.15,62503,0.0475,0.2843,0.0147
29103,3772,7.48,49167,0.0209,0.1597,0.1056
29105,36060,47.16,49202,0.0593,0.1688,0.0293
29107,32858,52.3,78397,0.0243,0.2286,0.0249
29109,38231,62.5,52225,0.052,0.1533,0.0378
29111,9987,19.78,49779,0.0595,0.1498,0.0333
29113,60172,96.03,82543,0.0338,0.1832,0.0126
29115,11892,19.32,58435,0.0279,0.1961,0.0479
29117,14402,27.06,58772,0.0303,0.1948,0.0351
29119,23381,43.34,46494,0.0586,0.1183,0.0475
29121,15173,18.94,54113,0.0378,0.1747,0.0392
29123,12649,25.59,54042,0.0508,0.161,0.0324
29125,8454,16.04,56491,0.0564,0.1836,0.0327
29127,28525,65.29,62492,0.0289,0.2472,0.0239
29129,3517,7.75,55592,0.0293,0.2048,0.2138
29131,24855,41.94,53490,0.0457,0.2111,0.0195
29133,12305,29.9,40833,0.0506,0.1368,0.1022
29135,15401,37.11,66792,0.0303,0.1867,0.0493
29137,8668,13.38,50245,0.0121,0.1638,0.0728
29139,11421,21.35,58660,0.0295,0.1599,0.0801
29141,21169,35.42,48841,0.035,0.1387,0.0721
29143,16341,24.21,44092,0.0398,0.1303,0.0653
29145,59019,94.47,60313,0.0422,0.222,0.0276
29147,21140,24.11,53917,0.0232,0.2605,0.0764
29149,8783,11.12,41365,0.0449,0.143,0.073
29151,13374,22.05,70313,0.01,0.2307,0.0523
29153,8688,11.66,39125,0.0615,0.1038,0.0585
29155,15555,31.58,37426,0.0957,0.1164,0.0756
29157,18970,39.99,61486,0.0515,0.2029,0.0713
29159,43059,63.12,57581,0.0387,0.1854,0.0383
29161,44843,66.75,53242,0.0416,0.3156,0.019
29163,17719,26.43,53363,0.0483,0.1536,0.0567
29165,107033,254.96,92543,0.0362,0.4431,0.0058
29167,31877,50.16,54487,0.0359,0.2027,0.0512
29169,53726,98.2,62541,0.0471,0.2694,0.0165
29171,4698,9.08,50950,0.0404,0.1842,0.0971
29173,10356,22.04,62615,0.0525,0.1576,0.0559
29175,24652,51.07,51480,0.0529,0.1709,0.0173
29177,23122,40.64,69779,0.0306,0.1513,0.0236
29179,6102,7.55,43856,0.0996,0.1418,0.1567
29181,10839,17.22,42541,0.0362,0.1186,0.0312
29183,406262,724.82,99596,0.0313,0.4197,0.0063
29185,9330,13.82,43483,0.0245,0.1236,0.0633
29186,18494,37.05,61215,0.0482,0.1638,0.0351
29187,66814,147.86,53083,0.0481,0.155,0.0155
29189,999703,1968.4,78067,0.0429,0.4608,0.0046
29195,23219,30.73,55396,0.0274,0.2499,0.0813
29197,4066,13.23,53728,0.0231,0.1236,0.0729
29199,4720,10.81,58656,0.0117,0.1461,0.1312
29201,38055,90.61,54621,0.0285,0.2117,0.029
29203,7132,7.1,46767,0.0275,0.1495,0.0699
29205,6049,12.08,50387,0.0105,0.1756,0.1017
29207,28656,34.81,51703,0.0425,0.1488,0.0573
29209,31314,67.51,58392,0.0835,0.2061,0.0253
29211,5983,9.23,53438,0.0237,0.1439,0.0763
29213,56202,88.88,54467,0.0513,0.2382,0.0113
29215,24828,21.09,42870,0.0597,0.1519,0.0721
29217,19777,23.93,53318,0.04,0.1776,0.0901
29219,35729,83.36,75531,0.048,0.1916,0.0103
29221,23580,31.03,49364,0.0441,0.1227,0.0474
29223,11081,14.6,42758,0.0826,0.1105,0.0545
29225,39265,66.26,65103,0.0484,0.1837,0.0227
29227,1982,7.43,43536,0.0085,0.1564,0.1591
29229,18475,27.1,43573,0.0484,0.1284,0.0566
29510,298018,4827.29,52941,0.0542,0.3862,0.004
30001,9469,1.71,55867,0.0277,0.3644,0.1491
30003,13090,2.62,52463,0.1499,0.1982,0.1363
30005,7030,1.66,58507,0.1316,0.2378,0.1922
30007,6977,5.85,61679,0.0819,0.2226,0.1003
30009,10645,5.2,66780,0.0494,0.3139,0.1168
30011,1332,0.4,46486,0.0236,0.2133,0.4796
30013,84423,31.29,61351,0.0326,0.276,0.0399
30015,5897,1.48,51791,0.0519,0.2452,0.251
30017,11957,3.16,61114,0.0333,0.2663,0.0794
30019,1535,1.08,47378,0.0151,0.2602,0.2309
30021,8915,3.76,68168,0.03,0.2462,0.1226
30023,9435,12.81,46436,0.038,0.2022,0.0304
30025,2941,1.81,79750,0.0,0.181,0.3534
30027,11496,2.65,58321,0.0305,0.2758,0.1869
30029,105950,20.83,68025,0.0317,0.3489,0.0418
30031,119685,45.94,83434,0.0207,0.5289,0.0342
30033,976,0.21,61786,0.0,0.214,0.4272
30035,13781,4.6,41078,0.0794,0.2047,0.0887
30037,841,0.72,54792,0.013,0.2339,0.3658
30039,3368,1.95,53917,0.0573,0.3146,0.1982
30041,16238,5.6,58427,0.0395,0.2365,0.0778
30043,12273,7.41,73875,0.0335,0.3327,0.0585
30045,2039,1.09,58750,0.0235,0.2727,0.3614
30047,31509,21.14,58009,0.0648,0.3194,0.0562
30049,71487,20.67,71967,0.0345,0.4271,0.0304
30051,1993,1.39,48047,0.0025,0.2722,0.3288
30053,20157,5.58,44593,0.0693,0.1746,0.0775
30055,1746,0.66,79022,0.0245,0.2134,0.3479
30057,8742,2.44,61226,0.0225,0.3164,0.1661
30059,1948,0.81,55753,0.0154,0.3624,0.2253
30061,4652,3.81,56098,0.0362,0.2605,0.0871
30063,118541,45.72,66840,0.0454,0.4449,0.027
30065,4924,2.63,54875,0.0491,0.1972,0.1858
30067,17320,6.18,67602,0.0327,0.3634,0.0619
30069,416,0.25,57981,0.0084,0.2384,0.4937
30071,4233,0.82,61250,0.034,0.2005,0.2672
30073,5987,3.69,59861,0.0645,0.2187,0.2033
30075,1773,0.54,60313,0.0098,0.2549,0.3791
30077,6998,3.01,60994,0.0477,0.1938,0.1156
30079,1283,0.74,44107,0.0295,0.2242,0.275
30081,44876,18.77,67424,0.044,0.288,0.045
30083,11366,5.45,67515,0.049,0.1416,0.1733
30085,10799,4.59,51038,0.086,0.1983,0.0985
30087,8310,1.66,57656,0.0924,0.1944,0.1639
30089,12615,4.57,47110,0.0518,0.1808,0.0799
30091,3700,2.21,67457,0.0154,0.255,0.2475
30093,35306,49.17,56297,0.0459,0.2766,0.0451
30095,8978,5.0,78380,0.0265,0.2928,0.2284
30097,3697,1.99,64872,0.0212,0.236,0.171
30099,6238,2.75,65224,0.0205,0.2549,0.2292
30101,5018,2.62,54040,0.0393,0.2228,0.1476
30103,680,0.7,70096,0.0109,0.3216,0.4038
30105,7552,1.53,59725,0.0404,0.1961,0.1524
30107,2060,1.45,48272,0.0024,0.207,0.2721
30109,1119,1.26,58750,0.0,0.2251,0.2597
30111,165524,62.85,72300,0.0347,0.3426,0.0276
31001,31143,55.29,61502,0.0265,0.2705,0.0641
31003,6302,7.35,61924,0.0207,0.2048,0.2276
31005,485,0.68,66667,0.0045,0.3143,0.417
31007,670,0.9,62375,0.0333,0.3039,0.3822
31009,384,0.54,52083,0.019,0.2081,0.4612
31011,5397,7.86,66800,0.0099,0.1799,0.2153
31013,10778,10.02,67893,0.0399,0.1807,0.0614
31015,1767,3.27,57120,0.0182,0.169,0.1568
31017,2691,2.2,44267,0.0046,0.2133,0.2397
31019,50103,51.75,70093,0.0286,0.3517,0.0445
31021,6717,13.66,54950,0.0265,0.234,0.1086
31023,8373,14.32,75690,0.0069,0.2531,0.098
31025,26749,47.99,87673,0.0218,0.3127,0.0342
31027,8375,11.31,72035,0.0196,0.233,0.1617
31029,3704,4.14,57313,0.0265,0.244,0.1822
31031,5473,0.92,62373,0.0044,0.2593,0.1788
31033,9489,7.93,54038,0.0257,0.2383,0.1027
31035,6088,10.64,73933,0.0217,0.2157,0.1525
31037,10563,25.66,71205,0.0168,0.1283,0.1128
31039,9000,15.78,68917,0.0264,0.2395,0.1283
31041,10566,4.1,62288,0.0157,0.258,0.1868
31043,21308,80.63,66112,0.0302,0.1426,0.0229
31045,8279,5.93,53760,0.0151,0.3603,0.0974
31047,24037,23.73,67462,0.0206,0.1602,0.0832
31049,1858,4.22,58875,0.0382,0.208,0.1317
31051,5579,11.72,60568,0.0291,0.2222,0.0854
31053,37175,70.27,66793,0.041,0.2168,0.0364
31055,582638,1785.0,76083,0.0383,0.4123,0.0091
31057,1825,1.98,58977,0.002,0.2628,0.1744
31059,5557,9.66,72335,0.0096,0.2285,0.1435
31061,2901,5.04,55625,0.0248,0.192,0.2184
31063,2491,2.56,62928,0.0445,0.234,0.182
31065,4630,6.44,58895,0.0098,0.214,0.1591
31067,21654,25.43,60035,0.0203,0.2,0.053
31069,1778,1.04,47139,0.0346,0.2305,0.2077
31071,1833,3.22,64957,0.0114,0.3187,0.1977
31073,1873,4.09,76583,0.015,0.281,0.2356
31075,649,0.84,65139,0.0141,0.2697,0.26
31077,2212,3.88,52813,0.0178,0.1713,0.2167
31079,62575,114.52,63553,0.0292,0.2129,0.0265
31081,9400,17.34,73254,0.0359,0.2495,0.0976
31083,3094,5.59,64583,0.0204,0.2453,0.1668
31085,919,1.29,59405,0.0023,0.1806,0.3855
31087,2620,3.69,49456,0.019,0.1883,0.1695
31089,10149,4.21,66325,0.013,0.2749,0.1732
31091,659,0.91,43333,0.0317,0.2714,0.2321
31093,6476,11.37,70766,0.0402,0.223,0.1078
31095,7185,12.6,54494,0.0105,0.1927,0.1556
31097,5294,14.08,64352,0.0137,0.1901,0.0412
31099,6655,12.89,74276,0.0156,0.3088,0.1265
31101,8303,7.82,59511,0.0257,0.199,0.1308
31103,987,1.28,63977,0.0022,0.2875,0.3519
31105,3395,3.57,53151,0.0219,0.1153,0.0649
31107,8415,7.59,61250,0.0407,0.1892,0.1824
31109,322063,384.52,70387,0.0316,0.4085,0.0161
31111,34532,13.47,63019,0.0343,0.202,0.0537
31113,839,1.47,69250,0.0045,0.2527,0.2275
31115,629,1.12,50000,0.0,0.1952,0.281
31117,456,0.53,58250,0.0,0.174,0.2976
31119,35538,62.06,61139,0.0256,0.2446,0.0465
31121,7675,15.75,57873,0.0048,0.1742,0.114
31123,4562,3.2,57325,0.0546,0.1945,0.1574
31125,3366,7.62,60054,0.0443,0.1899,0.1952
31127,7019,17.23,57196,0.064,0.3048,0.0748
31129,4092,7.11,66000,0.0132,0.2682,0.1759
31131,15995,25.98,73031,0.0317,0.2565,0.0644
31133,2553,5.92,55833,0.0244,0.204,0.1349
31135,2860,3.24,61786,0.0116,0.2585,0.2175
31137,8966,16.61,65114,0.0081,0.2669,0.1037
31139,7301,12.74,65603,0.0237,0.2206,0.1317
31141,34219,50.77,69943,0.0192,0.2458,0.0715
31143,5182,11.81,67695,0.0186,0.1857,0.1785
31145,10690,14.91,58344,0.0231,0.2439,0.0642
31147,7850,14.23,50321,0.0473,0.204,0.1165
31149,1312,1.3,57566,0.012,0.2865,0.3293
31151,14275,24.87,71104,0.0215,0.2193,0.0357
31153,191272,803.32,95911,0.0256,0.4116,0.009
31155,22374,29.87,84474,0.0243,0.2909,0.0495
31157,36048,48.74,60137,0.0347,0.2519,0.0524
31159,17644,30.88,79677,0.0222,0.3096,0.0446
31161,5102,2.09,53609,0.0216,0.217,0.1739
31163,2970,5.25,60194,0.0425,0.1886,0.17
31165,1162,0.56,50833,0.0392,0.249,0.3437
31167,5828,13.63,76035,0.007,0.201,0.0813
31169,5006,8.72,60305,0.0318,0.2251,0.2202
31171,592,0.83,70069,0.0085,0.246,0.3295
31173,6716,17.06,63459,0.1004,0.1981,0.0789
31175,4053,7.13,62321,0.0058,0.2695,0.1741
31177,20884,53.55,89671,0.0195,0.343,0.0407
31179,9701,21.9,64951,0.0337,0.3265,0.0698
31181,3410,5.93,62571,0.0183,0.2149,0.1669
31183,771,1.34,59167,0.0136,0.2471,0.4187
31185,14212,24.82,72914,0.028,0.2527,0.1074
32001,25409,5.13,69922,0.0629,0.1764,0.0509
32003,2265926,287.13,69911,0.0766,0.2639,0.0036
32005,49476,69.64,84262,0.0308,0.3133,0.0215
32007,53600,3.12,87755,0.0475,0.1701,0.2301
32009,980,0.27,40694,0.0466,0.2428,0.3081
32011,1622,0.39,73929,0.0,0.1521,0.4473
32013,17266,1.79,75574,0.0433,0.2081,0.2581
32015,5728,1.04,92388,0.1165,0.1404,0.3379
32017,4507,0.42,67412,0.0407,0.1534,0.0363
32019,59435,29.67,70026,0.0715,0.1611,0.0307
32021,4568,1.22,46625,0.0581,0.1465,0.0251
32023,51698,2.84,53602,0.0932,0.1254,0.0904
32027,6587,1.09,66304,0.0854,0.1005,0.2688
32029,4095,15.52,86932,0.0699,0.3135,0.0037
32031,486674,77.06,81531,0.05,0.3248,0.0075
32033,8997,1.01,71297,0.0406,0.133,0.1833
32510,58249,403.01,67465,0.0465,0.2431,0.0048
33001,63914,159.05,80719,0.0273,0.3194,0.0051
33003,50679,54.38,77049,0.0562,0.3754,0.017
33005,76610,108.4,76551,0.0345,0.3436,0.012
33007,31430,17.51,55247,0.0415,0.2041,0.0209
33009,90836,53.16,79949,0.0275,0.4329,0.0163
33011,422733,482.28,95112,0.0369,0.4021,0.0048
33013,153918,164.99,88806,0.0364,0.3682,0.0086
33015,315169,453.23,110225,0.0344,0.4358,0.0036
33017,130965,356.4,83212,0.037,0.3872,0.009
33019,43356,80.61,70788,0.0291,0.3015,0.0121
34001,274339,493.85,73113,0.0829,0.3008,0.0034
34003,953243,4094.89,118714,0.0546,0.5165,0.0012
34005,461853,577.83,102615,0.0507,0.4108,0.0039
34007,522581,2360.79,82005,0.0724,0.3426,0.0021
34009,95456,379.51,83870,0.0648,0.3585,0.0093
34011,153588,317.75,62310,0.0782,0.1735,0.0294
34013,853374,6768.27,73785,0.0853,0.374,0.0013
34015,302621,939.82,99668,0.0523,0.3517,0.0028
34017,712029,15414.03,86854,0.0582,0.4662,0.0012
34019,129099,301.75,133534,0.0458,0.5547,0.0135
34021,383732,1709.73,92697,0.0612,0.4415,0.0031
34023,860147,2781.65,105206,0.0631,0.4511,0.0014
34025,643064,1373.53,118527,0.0544,0.4989,0.0033
34027,508816,1103.79,130808,0.0532,0.5714,0.0019
34029,638691,1016.56,82379,0.057,0.3294,0.0029
34031,519986,2795.42,84465,0.0784,0.3009,0.0013
34033,64840,195.38,73378,0.0795,0.2277,0.0171
34035,344978,1142.82,131948,0.0497,0.5727,0.0042
34037,144808,279.2,111094,0.0552,0.3897,0.0099
34039,572079,5566.79,95000,0.0623,0.383,0.0022
34041,109739,307.79,92620,0.0597,0.3548,0.0096
35001,674692,581.01,62220,0.0539,0.3662,0.0099
35003,3635,0.52,44777,0.0569,0.1491,0.1655
35005,64701,10.66,49673,0.0527,0.1753,0.0815
35006,27211,5.99,49866,0.0725,0.1473,0.0846
35007,12370,3.29,46286,0.0317,0.2207,0.0506
35009,48327,34.38,55427,0.079,0.2145,0.0781
35011,1695,0.73,34702,0.0853,0.0922,0.2606
35013,219870,57.74,51232,0.0682,0.3042,0.0404
35015,61264,14.67,77458,0.0417,0.1824,0.1849
35017,28006,7.07,44895,0.0767,0.2637,0.1019
35019,4413,1.46,38713,0.0982,0.1401,0.0435
35021,671,0.32,39489,0.0721,0.3057,0.1272
35023,4160,1.21,53651,0.0438,0.1692,0.1782
35025,73103,16.65,65855,0.0742,0.146,0.1862
35027,20222,4.19,47919,0.0533,0.2428,0.042
35028,19253,176.43,135801,0.0191,0.6967,0.0084
35029,25393,8.56,38241,0.0696,0.1187,0.1404
35031,72073,13.22,44029,0.0965,0.1244,0.0137
35033,4208,2.18,40231,0.0741,0.206,0.0267
35035,67850,10.26,50833,0.0956,0.2099,0.0226
35037,8641,3.01,38998,0.0476,0.1603,0.0594
35039,40285,6.87,52031,0.0601,0.1824,0.0356
35041,19142,7.83,52644,0.0663,0.204,0.0981
35043,149460,40.28,76424,0.0589,0.3214,0.0125
35045,121798,22.08,50734,0.0891,0.1574,0.0993
35047,27215,5.76,43490,0.0694,0.2378,0.0269
35049,154481,80.86,70522,0.0538,0.4217,0.0094
35051,11506,2.75,35256,0.0474,0.1974,0.0962
35053,16453,2.48,40699,0.0442,0.1676,0.0508
35055,34475,15.65,55145,0.0591,0.3447,0.02
35057,15203,4.54,50727,0.1075,0.1452,0.081
35059,4074,1.07,41714,0.0576,0.1552,0.1745
35061,76613,71.82,56246,0.0753,0.2109,0.0244
36001,315041,602.5,78829,0.0525,0.4442,0.0042
36003,47222,45.87,58725,0.0731,0.245,0.0276
36005,1443229,34222.56,47036,0.112,0.2122,0.0017
36007,198365,281.11,58317,0.0694,0.2983,0.0084
36009,77000,58.86,56889,0.054,0.202,0.0243
36011,76171,110.14,63227,0.0426,0.2298,0.0381
36013,127440,120.18,54625,0.0542,0.2429,0.0212
36015,83584,205.2,61358,0.0633,0.2456,0.0106
36017,47096,52.7,61741,0.071,0.1827,0.0284
36019,79839,76.93,67097,0.0466,0.2718,0.0134
36021,61469,96.85,81741,0.0593,0.3639,0.0293
36023,46755,93.74,65029,0.0536,0.2784,0.0161
36025,44637,30.94,58338,0.0611,0.25,0.0396
36027,296467,372.61,94578,0.0497,0.3898,0.0107
36029,951232,912.25,68014,0.0495,0.3638,0.0046
36031,37314,20.8,68090,0.0507,0.3118,0.0287
36033,47459,29.13,60270,0.0515,0.2215,0.0348
36035,53280,107.54,60557,0.0431,0.1933,0.0139
36037,58204,118.08,68178,0.0473,0.2317,0.0258
36039,48067,74.27,70294,0.028,0.2759,0.0201
36041,5090,2.96,66891,0.0491,0.2335,0.0467
36043,60293,42.71,68104,0.0416,0.2236,0.0207
36045,117445,92.57,62782,0.0641,0.2522,0.0156
36047,2679620,38624.28,74692,0.0727,0.404,0.0007
36049,26690,20.94,64401,0.0516,0.1921,0.0614
36051,61980,98.11,70443,0.0467,0.2946,0.0329
36053,68020,103.87,68869,0.0406,0.2688,0.0351
36055,756406,1151.4,71450,0.0527,0.4049,0.0047
36057,49624,123.1,58033,0.0591,0.1978,0.0251
36059,1389160,4882.1,137709,0.0465,0.4822,0.0019
36061,1645867,72645.12,99880,0.0677,0.6275,0.0011
36063,212230,406.3,65882,0.0578,0.2703,0.0081
36065,231055,190.59,66402,0.0443,0.2732,0.0111
36067,472637,607.2,71479,0.0565,0.3694,0.0042
36069,112288,174.34,76603,0.0396,0.3724,0.0178
36071,401237,493.94,91806,0.0535,0.3156,0.0074
36073,40148,102.61,61069,0.0608,0.178,0.0487
36075,118037,124.03,65054,0.0735,0.2143,0.0182
36077,59678,59.57,65778,0.0496,0.337,0.0347
36079,97942,425.46,120970,0.0442,0.4283,0.0037
36081,2360826,21713.92,82431,0.0702,0.3477,0.0007
36083,160943,246.67,83734,0.0559,0.3536,0.0076
36085,492925,8569.25,96185,0.0543,0.3533,0.0012
36087,337326,1944.87,106173,0.0622,0.4246,0.0033
36089,108670,40.56,58339,0.0627,0.2348,0.0327
36091,236328,291.76,97038,0.0354,0.4341,0.0076
36093,159447,779.38,75056,0.0598,0.3424,0.0064
36095,29970,48.2,71479,0.0529,0.2496,0.0287
36097,17855,54.38,61316,0.0567,0.2448,0.0261
36099,33651,103.96,64050,0.0451,0.2215,0.0397
36101,93584,67.3,62506,0.0631,0.2585,0.0275
36103,1524486,1673.1,122498,0.0476,0.3903,0.004
36105,78725,81.32,67841,0.072,0.2777,0.0144
36107,48344,93.19,70427,0.0559,0.2632,0.0218
36109,102555,216.07,69995,0.0469,0.5749,0.0192
36111,182153,162.02,77197,0.0505,0.3559,0.009
36113,65684,75.74,74531,0.042,0.3384,0.0069
36115,61310,73.76,68703,0.0513,0.2113,0.0367
36117,91324,151.24,71007,0.0429,0.25,0.0396
36119,997904,2316.81,114651,0.0604,0.5176,0.0027
36121,40338,68.05,65066,0.0408,0.1822,0.065
36123,24713,73.09,63974,0.0323,0.2404,0.0715
37001,171779,405.66,60866,0.0499,0.2733,0.0063
37003,36505,140.41,62764,0.0558,0.1532,0.0218
37005,10989,46.79,42115,0.0532,0.2075,0.0555
37007,22200,41.77,42000,0.0642,0.1139,0.0282
37009,26759,62.78,49176,0.051,0.2079,0.0288
37011,17679,71.48,53513,0.0501,0.223,0.0615
37013,44711,53.69,56081,0.056,0.1947,0.0329
37015,17818,25.48,41652,0.064,0.166,0.0623
37017,29807,34.06,40476,0.0548,0.2025,0.0649
37019,139721,164.36,71193,0.05,0.324,0.0082
37021,269449,410.43,66531,0.0364,0.4303,0.0098
37023,87799,173.43,53732,0.0599,0.1976,0.0125
37025,226396,626.73,83828,0.0488,0.3649,0.0068
37027,80716,171.05,52362,0.0578,0.1724,0.0052
37029,10547,43.89,79120,0.0572,0.2435,0.0077
37031,68353,134.66,66965,0.0487,0.3187,0.0184
37033,22747,53.48,56999,0.0595,0.1543,0.0185
37035,161011,401.15,62070,0.0514,0.248,0.0046
37037,76754,112.6,84222,0.0276,0.4652,0.013
37039,28868,63.37,49254,0.0492,0.2363,0.0119
37041,13835,80.13,51188,0.0431,0.242,0.0154
37043,11186,52.03,57065,0.0396,0.2882,0.0119
37045,99527,214.38,50723,0.0642,0.1939,0.0116
37047,50827,54.18,43206,0.0578,0.1453,0.0384
37049,101098,143.08,61676,0.0509,0.2566,0.0192
37051,335207,513.68,55551,0.0793,0.2689,0.007
37053,28616,109.26,82793,0.0319,0.2706,0.0066
37055,37160,96.97,79742,0.051,0.4254,0.03
37057,169498,306.41,58473,0.0433,0.2047,0.0068
37059,43030,163.18,69105,0.0456,0.2618,0.0131
37061,49312,60.53,49376,0.0544,0.1588,0.0795
37063,325101,1134.64,74927,0.0428,0.5188,0.0044
37065,49067,97.08,46370,0.0862,0.1775,0.0177
37067,383739,940.88,61229,0.0558,0.3531,0.0037
37069,69680,141.68,70493,0.0588,0.2371,0.0106
37071,228972,643.63,62628,0.0495,0.25,0.0046
37073,10509,30.85,55750,0.0927,0.089,0.025
37075,8047,27.56,46010,0.0766,0.1382,0.0284
37077,61161,114.97,68079,0.0465,0.2366,0.0172
37079,20407,76.51,50320,0.0549,0.1146,0.075
37081,539557,835.33,62880,0.052,0.3792,0.0051
37083,48772,67.39,41629,0.0928,0.1573,0.0245
37085,134718,226.44,64992,0.0525,0.2276,0.0141
37087,62152,112.28,56596,0.0352,0.2875,0.0114
37089,116469,312.29,65508,0.0353,0.3396,0.0122
37091,21633,61.25,46196,0.0719,0.1602,0.0382
37093,52612,134.85,57141,0.0636,0.2018,0.0162
37095,4636,7.57,43724,0.0874,0.1425,0.1851
37097,187839,327.01,73103,0.0462,0.327,0.0103
37099,42388,86.31,51482,0.0595,0.2982,0.0116
37101,219042,276.56,75288,0.0373,0.2623,0.0105
37103,9263,19.65,53053,0.0476,0.1574,0.0474
37105,63560,249.19,60941,0.0517,0.2101,0.0136
37107,55071,137.99,43063,0.0715,0.1501,0.0349
37109,87933,297.22,75672,0.0439,0.2606,0.0119
37111,44629,101.44,53532,0.0552,0.1796,0.026
37113,37088,71.93,51042,0.0346,0.2446,0.015
37115,21414,47.63,56664,0.0172,0.3222,0.0234
37117,21992,48.18,44799,0.0965,0.1547,0.0581
37119,1115403,2130.24,79265,0.0452,0.4778,0.0025
37121,14989,67.75,55534,0.0635,0.2204,0.0679
37123,25839,52.57,55523,0.031,0.1973,0.0374
37125,100759,144.42,77981,0.0457,0.3987,0.0284
37127,95015,175.81,56770,0.0644,0.2195,0.021
37129,228134,1186.62,67515,0.0476,0.434,0.0044
37131,17528,32.66,45698,0.0762,0.1777,0.0463
37133,203686,267.28,59976,0.0642,0.2566,0.0067
37135,145919,367.04,85785,0.039,0.6171,0.0066
37137,12317,36.6,55867,0.0465,0.2447,0.0906
37139,40454,178.3,61411,0.0578,0.2608,0.0148
37141,61592,70.69,74538,0.0642,0.2861,0.0267
37143,13053,52.81,59401,0.0504,0.1959,0.0354
37145,39131,99.74,60688,0.0374,0.1752,0.015
37147,171196,262.42,54915,0.0748,0.3314,0.0097
37149,19538,82.2,60465,0.0426,0.3334,0.0387
37151,144403,184.58,56423,0.0392,0.1676,0.0103
37153,43149,91.09,42354,0.0962,0.1724,0.0474
37155,117573,124.11,39393,0.0635,0.1462,0.0246
37157,91209,161.25,50737,0.0648,0.1544,0.0105
37159,147067,287.46,59717,0.0629,0.2058,0.0127
37161,64680,114.39,50512,0.0598,0.1978,0.0152
37163,59317,62.71,49963,0.0574,0.149,0.0889
37165,34222,107.23,41948,0.1076,0.1447,0.0318
37167,62723,158.76,60634,0.0434,0.1874,0.0259
37169,44696,99.47,57539,0.0534,0.1612,0.0063
37171,71429,134.1,52743,0.0485,0.1821,0.0302
37173,14130,26.78,52818,0.0751,0.2112,0.049
37175,33131,87.57,62056,0.0398,0.3707,0.0181
37177,3389,8.67,55341,0.0391,0.1223,0.0415
37179,240109,379.48,95533,0.0426,0.3845,0.0098
37181,42492,168.35,48340,0.0696,0.1781,0.0179
37183,1132103,1356.48,96734,0.0418,0.5565,0.0044
37185,18803,43.79,42282,0.0986,0.1733,0.039
37187,11051,31.89,38927,0.1269,0.141,0.0491
37189,54540,174.56,50034,0.0933,0.4452,0.0092
37191,117480,212.09,54323,0.05,0.1999,0.0314
37193,66125,87.74,49119,0.0597,0.1638,0.0286
37195,78667,214.02,49827,0.066,0.2046,0.0178
37197,37280,111.3,57486,0.0524,0.1411,0.0205
37199,18538,59.3,53103,0.0758,0.2237,0.0225
38001,2190,2.22,57950,0.0066,0.2043,0.2144
38003,10826,7.26,64447,0.0334,0.287,0.1061
38005,5960,4.29,63220,0.0224,0.2065,0.1035
38007,839,0.73,74000,0.0209,0.2895,0.3128
38009,6411,3.84,80113,0.0348,0.2634,0.1852
38011,2975,2.56,79709,0.0415,0.2181,0.2744
38013,2184,1.98,94583,0.0204,0.2472,0.2666
38015,98443,60.29,82141,0.0275,0.3727,0.0281
38017,186328,105.57,73249,0.0284,0.4262,0.0228
38019,3691,2.48,61174,0.0088,0.2357,0.2649
38021,5003,4.42,60250,0.0311,0.2671,0.1663
38023,2195,1.74,95938,0.0324,0.2133,0.3337
38025,4049,2.02,91758,0.024,0.1899,0.183
38027,2345,3.72,50375,0.023,0.269,0.1756
38029,3297,2.18,63750,0.0144,0.1809,0.2438
38031,3388,5.34,78426,0.0017,0.2239,0.1095
38033,1734,1.73,84750,0.0537,0.2355,0.2556
38035,72927,50.78,64698,0.0339,0.3672,0.0362
38037,2320,1.4,57069,0.0288,0.2106,0.2273
38039,2309,3.26,66688,0.0122,0.2672,0.2694
38041,2477,2.19,66797,0.0419,0.1773,0.2143
38043,2391,1.77,57240,0.0096,0.1869,0.2471
38045,4135,3.61,70227,0.0168,0.2534,0.1967
38047,1849,1.86,59750,0.0127,0.2434,0.2695
38049,5326,2.84,78071,0.0437,0.1939,0.2259
38051,2529,2.6,64375,0.0054,0.1671,0.2432
38053,14081,5.1,83813,0.0171,0.2463,0.1982
38055,9781,4.63,80556,0.014,0.2225,0.1847
38057,8366,8.02,82155,0.0272,0.1992,0.1359
38059,33192,17.23,79555,0.02,0.2673,0.0481
38061,9648,5.29,81886,0.0346,0.2267,0.1484
38063,3025,3.08,62219,0.0123,0.2859,0.1515
38065,1832,2.54,69722,0.0286,0.2163,0.1872
38067,6853,6.13,64243,0.0426,0.2189,0.1452
38069,3999,3.93,59583,0.0101,0.2939,0.184
38071,11613,9.8,61490,0.0076,0.2547,0.0824
38073,5663,6.57,71462,0.029,0.2119,0.1474
38075,2282,2.6,77067,0.0235,0.2276,0.205
38077,16548,11.53,67089,0.0251,0.2398,0.1131
38079,12292,13.61,53806,0.064,0.1624,0.0695
38081,3828,4.46,75648,0.0147,0.1844,0.1394
38083,1338,1.38,68684,0.0079,0.1433,0.2734
38085,3896,3.56,41201,0.207,0.1147,0.1315
38087,837,0.69,70625,0.0455,0.2279,0.5262
38089,32989,24.71,78734,0.0286,0.2523,0.1555
38091,1774,2.49,85750,0.0222,0.2998,0.3313
38093,21609,9.73,59167,0.0466,0.2448,0.0904
38095,2152,2.1,61250,0.0158,0.1706,0.2956
38097,8004,9.29,81157,0.0204,0.3063,0.1158
38099,10553,8.23,68082,0.0225,0.179,0.1551
38101,69532,34.54,78143,0.0374,0.294,0.0871
38103,3990,3.14,59732,0.0177,0.2158,0.1785
38105,39076,18.81,86139,0.0248,0.245,0.2231
39001,27509,47.11,46234,0.0578,0.1522,0.0217
39003,102087,253.6,58976,0.0608,0.1914,0.0105
39005,52522,124.17,62254,0.0373,0.219,0.0245
39007,97666,139.11,53663,0.0759,0.1568,0.0181
39009,61276,121.67,48750,0.057,0.3427,0.012
39011,46263,115.26,75231,0.0286,0.2071,0.0255
39013,66554,125.07,56943,0.0604,0.1743,0.063
39015,43715,89.3,66677,0.0438,0.1454,0.0229
39017,388327,832.38,77062,0.0506,0.319,0.0042
39019,26761,67.82,59872,0.0392,0.1345,0.0469
39021,38715,90.25,70486,0.0452,0.1815,0.0417
39023,135877,342.37,58954,0.0679,0.1865,0.0118
39025,208851,461.49,79573,0.0412,0.302,0.0045
39027,42077,102.95,64210,0.0475,0.2061,0.0247
39029,101723,191.24,55473,0.0491,0.1648,0.0179
39031,36629,64.95,52048,0.0612,0.165,0.0348
39033,41861,104.19,52486,0.0553,0.1477,0.0276
39035,1256620,2748.45,60074,0.0718,0.3518,0.0022
39037,51751,86.53,60237,0.0264,0.163,0.0359
39039,38300,93.09,69302,0.0485,0.1892,0.023
39041,216074,487.59,123995,0.0305,0.5744,0.0051
39043,75299,299.65,65171,0.0607,0.2647,0.0151
39045,159371,315.98,82969,0.0367,0.3109,0.007
39047,28901,71.12,56773,0.0433,0.1374,0.0387
39049,1318149,2475.78,71070,0.0466,0.4169,0.0025
39051,42602,105.07,71453,0.0349,0.1828,0.0266
39053,29276,62.75,55533,0.041,0.1817,0.0091
39055,95455,238.46,97162,0.031,0.3935,0.0128
39057,167567,405.18,81243,0.0461,0.4119,0.0066
39059,38409,73.54,53901,0.0456,0.1493,0.0593
39061,827671,2041.58,68249,0.0503,0.4032,0.0022
39063,75072,141.29,67006,0.0366,0.285,0.0174
39065,30622,65.11,55876,0.0467,0.1848,0.0352
39067,14528,36.11,54056,0.045,0.1168,0.0639
39069,27601,66.35,71616,0.0449,0.1814,0.0279
39071,43285,78.26,60522,0.0437,0.1518,0.0327
39073,28104,66.7,59007,0.0471,0.1475,0.0147
39075,44273,104.76,72987,0.0198,0.1106,0.0465
39077,58518,118.88,64144,0.0437,0.1554,0.0296
39079,32563,77.47,56549,0.0591,0.1588,0.0077
39081,65280,159.95,53124,0.0555,0.195,0.022
39083,62657,119.23,71246,0.0331,0.2371,0.0198
39085,232236,1012.94,76835,0.0437,0.2993,0.0047
39087,57994,127.91,51846,0.0379,0.1815,0.0082
39089,178844,262.07,78505,0.0327,0.2955,0.0107
39091,46098,100.54,69125,0.0348,0.1886,0.026
39093,313101,638.28,67272,0.0439,0.2722,0.0042
39095,430014,1266.0,57265,0.0676,0.2796,0.0048
39097,43961,94.37,77062,0.0337,0.2039,0.0267
39099,227979,554.04,54279,0.0721,0.2617,0.0034
39101,65366,161.87,55106,0.057,0.1346,0.0135
39103,182347,432.66,89968,0.0297,0.3591,0.0058
39105,22242,51.71,46255,0.0637,0.1148,0.0284
39107,42321,91.52,73278,0.02,0.2036,0.0433
39109,108818,267.68,71440,0.0338,0.2467,0.0136
39111,13401,29.41,55381,0.0546,0.1072,0.1034
39113,536121,1162.07,61942,0.0589,0.2997,0.0026
39115,13851,33.26,51056,0.0493,0.1118,0.0183
39117,35049,86.3,70412,0.0259,0.169,0.0234
39119,86393,130.0,56810,0.0462,0.1934,0.0151
39121,14216,35.72,51547,0.0453,0.1312,0.0205
39123,40367,158.49,69515,0.0337,0.2689,0.0096
39125,18827,45.21,65331,0.0394,0.1541,0.0443
39127,35451,86.9,62899,0.049,0.148,0.0132
39129,58809,117.33,67600,0.0414,0.1962,0.019
39131,27151,61.67,50832,0.0516,0.1397,0.0162
39133,161217,330.77,69796,0.0555,0.3174,0.0135
39135,40929,96.48,66355,0.0339,0.1883,0.0264
39137,34400,71.29,79453,0.0218,0.2592,0.0242
39139,125008,252.43,56557,0.0477,0.1775,0.0132
39141,76957,111.67,58048,0.0573,0.1653,0.0085
39143,58885,144.24,60814,0.0476,0.1833,0.0213
39145,73716,120.82,46360,0.0751,0.1756,0.0093
39147,55062,99.93,62476,0.0419,0.1886,0.0186
39149,48145,118.09,73502,0.049,0.2065,0.0255
39151,374199,650.48,63130,0.0432,0.2409,0.0085
39153,539361,1306.61,68360,0.0527,0.3458,0.0028
39155,201749,326.4,53537,0.0482,0.2002,0.0075
39157,92840,163.63,61953,0.0549,0.1967,0.025
39159,63411,146.87,104496,0.0293,0.3932,0.0184
39161,28833,70.47,64841,0.038,0.172,0.0282
39163,12790,31.02,50967,0.0361,0.1544,0.032
39165,243189,605.81,103128,0.0297,0.4466,0.004
39167,59639,94.37,59053,0.0524,0.2048,0.0252
39169,116680,210.31,70320,0.0335,0.2403,0.0345
39171,36973,87.89,60632,0.0351,0.1441,0.0126
39173,131564,213.18,70537,0.0493,0.3751,0.0076
39175,21818,53.62,68552,0.0278,0.2119,0.0236
40001,19726,34.37,44955,0.0636,0.1086,0.0488
40003,5683,6.56,75028,0.0404,0.2072,0.1841
40005,14117,14.47,49181,0.0564,0.1477,0.0907
40007,5071,2.79,62981,0.0187,0.2267,0.2153
40009,22295,24.73,51499,0.0616,0.1517,0.1503
40011,8661,9.33,56843,0.0683,0.178,0.1851
40013,46528,51.45,54289,0.0475,0.238,0.0323
40015,26910,21.06,52443,0.0597,0.1506,0.1281
40017,156681,174.76,82364,0.0407,0.3204,0.0468
40019,48202,58.63,56390,0.0416,0.1959,0.0574
40021,47412,63.29,52410,0.0561,0.2856,0.0445
40023,14285,18.54,43252,0.0688,0.1471,0.0574
40025,2272,1.24,57100,0.0018,0.3171,0.3327
40027,295060,547.52,71757,0.0466,0.3524,0.0199
40029,5287,10.23,47117,0.0564,0.1723,0.1101
40031,121777,113.88,57150,0.0663,0.2377,0.0134
40033,5537,8.75,60208,0.0222,0.1815,0.0575
40035,14144,18.58,48018,0.0462,0.134,0.0669
40037,72076,75.87,61657,0.0365,0.1798,0.0322
40039,28391,28.71,58669,0.0288,0.3105,0.0982
40041,40791,55.29,53290,0.0524,0.1874,0.0476
40043,4504,4.51,61310,0.052,0.1955,0.1715
40045,3755,3.05,57768,0.088,0.19,0.2196
40047,62456,59.0,64165,0.0458,0.2269,0.0698
40049,25806,32.17,53600,0.0279,0.1639,0.103
40051,55314,50.26,74349,0.0503,0.2212,0.0736
40053,4152,4.15,58980,0.0344,0.2236,0.1168
40055,5531,8.65,55204,0.0579,0.0941,0.1189
40057,2499,4.65,55729,0.0744,0.1481,0.2539
40059,3272,3.15,59934,0.0261,0.2301,0.2209
40061,11651,20.2,46239,0.0771,0.1466,0.1218
40063,13409,16.67,44799,0.0628,0.146,0.1025
40065,24776,30.87,60954,0.0423,0.2424,0.0635
40067,5420,7.14,48346,0.043,0.167,0.1994
40069,10410,16.19,48476,0.0548,0.2094,0.1104
40071,43859,47.69,53746,0.0625,0.1815,0.0455
40073,15290,17.03,65167,0.0253,0.2289,0.1413
40075,8446,8.32,42679,0.0442,0.1786,0.1187
40077,9537,13.21,42735,0.0782,0.1282,0.095
40079,48525,30.53,46750,0.0518,0.1516,0.0619
40081,33734,35.42,57656,0.0302,0.1592,0.0428
40083,49919,67.12,80565,0.0291,0.3075,0.037
40085,10158,19.77,60758,0.0542,0.1528,0.0799
40087,42393,74.28,80150,0.0408,0.2685,0.0632
40089,31003,16.75,47046,0.0486,0.157,0.0502
40091,19159,30.99,43467,0.0399,0.136,0.0371
40093,7678,8.04,67621,0.018,0.1834,0.1966
40095,15494,41.71,53734,0.0578,0.1565,0.0452
40097,39324,60.0,56552,0.0591,0.1535,0.0409
40099,13837,33.23,60213,0.0209,0.175,0.0503
40101,66606,82.17,50289,0.0569,0.2016,0.018
40103,10981,15.01,66813,0.0397,0.1966,0.0623
40105,9460,16.72,50960,0.0432,0.1679,0.0591
40107,11349,18.35,45429,0.0346,0.1251,0.0675
40109,795822,1122.62,62505,0.0461,0.342,0.0264
40111,36900,52.91,50819,0.0723,0.1597,0.0264
40113,46004,20.48,58189,0.0555,0.2006,0.0416
40115,30472,64.72,46186,0.0382,0.1544,0.0433
40117,15682,27.59,56279,0.0351,0.1639,0.0634
40119,82058,119.81,46658,0.0481,0.3859,0.0394
40121,43758,33.52,53054,0.0633,0.1895,0.0523
40123,38116,52.91,59457,0.0431,0.2878,0.0334
40125,72734,92.33,58270,0.0582,0.2089,0.0374
40127,10845,7.77,42274,0.0901,0.1404,0.0848
40129,3423,3.0,57574,0.047,0.2227,0.227
40131,95870,141.87,75312,0.0472,0.2515,0.0275
40133,23592,37.28,43239,0.0718,0.1483,0.0693
40135,39538,58.7,47494,0.0517,0.1497,0.0315
40137,43140,49.57,57065,0.0491,0.1888,0.1122
40139,21144,10.36,55682,0.0268,0.2449,0.121
40141,7013,8.05,46306,0.0586,0.1816,0.1003
40143,668923,1173.1,65229,0.0528,0.3323,0.02
40145,82269,146.41,75082,0.0487,0.2611,0.0174
40147,52579,126.54,59426,0.0381,0.3073,0.0484
40149,10930,10.9,60600,0.0582,0.1958,0.1473
40151,8661,6.73,50724,0.0503,0.3209,0.1827
40153,20411,16.42,61207,0.053,0.1928,0.1421
41001,16685,5.44,51657,0.0546,0.2441,0.0818
41003,95615,141.61,72882,0.0676,0.5377,0.0304
41005,420925,225.01,95740,0.0496,0.3919,0.0186
41007,41190,49.74,68025,0.0484,0.2575,0.031
41009,52865,80.26,83265,0.045,0.1837,0.0211
41011,64908,40.67,57563,0.0579,0.2057,0.0613
41013,24987,8.39,74969,0.0408,0.2088,0.0519
41015,23404,14.37,64300,0.0723,0.2371,0.0659
41017,199352,66.06,82042,0.052,0.4077,0.0211
41019,111322,22.11,56440,0.0611,0.189,0.0587
41021,1983,1.65,58409,0.0631,0.2194,0.1297
41023,7237,1.6,56045,0.0745,0.1929,0.1903
41025,7496,0.74,45462,0.0539,0.1417,0.1485
41027,23965,45.9,80254,0.0332,0.3829,0.1497
41029,222604,79.98,67690,0.0551,0.2999,0.031
41031,24659,13.84,69345,0.0702,0.2121,0.0686
41033,87994,53.7,56068,0.0807,0.1861,0.0351
41035,69506,11.68,57219,0.0756,0.2084,0.0511
41037,8201,1.01,54663,0.0774,0.198,0.1824
41039,382218,83.93,65157,0.0669,0.3297,0.0223
41041,50334,51.31,57794,0.0774,0.289,0.0333
41043,128598,56.17,69523,0.062,0.2044,0.0413
41045,31538,3.19,48371,0.062,0.146,0.1678
41047,345815,292.79,70926,0.0543,0.2501,0.0461
41049,12140,5.98,64975,0.0322,0.1129,0.1566
41051,808098,1874.24,83668,0.0551,0.4771,0.0077
41053,87600,118.23,77353,0.0534,0.3102,0.0357
41055,1900,2.31,57171,0.0217,0.1601,0.1825
41057,27345,24.81,63098,0.0522,0.2381,0.0743
41059,79904,24.85,70322,0.0673,0.1825,0.0698
41061,26286,12.9,61946,0.0634,0.2383,0.0586
41063,7439,2.36,62238,0.0599,0.3197,0.1384
41065,26639,11.19,61316,0.0711,0.2205,0.0934
41067,599541,827.78,100121,0.0457,0.4582,0.01
41069,1407,0.82,50774,0.0537,0.1998,0.1542
41071,107674,150.39,80125,0.0415,0.2926,0.0464
42001,104604,201.67,78975,0.034,0.2438,0.0265
42003,1245310,1706.01,72537,0.0495,0.4383,0.0045
42005,65538,100.32,61011,0.0508,0.1859,0.0337
42007,167629,385.62,67194,0.056,0.2676,0.0114
42009,47613,47.04,58337,0.0427,0.161,0.0316
42011,428483,500.33,74617,0.0538,0.2682,0.02
42013,122640,233.48,59386,0.0418,0.2343,0.0099
42015,60159,52.43,60650,0.0479,0.2002,0.0562
42017,645163,1067.5,107826,0.0464,0.4331,0.0044
42019,194562,246.44,82932,0.0465,0.3833,0.0123
42021,133263,193.83,54221,0.0495,0.2267,0.0124
42023,4536,11.45,46186,0.0713,0.1087,0.0525
42025,65018,170.51,64538,0.0692,0.1833,0.0147
42027,158665,143.11,70087,0.0397,0.462,0.0111
42029,536474,714.78,118574,0.0396,0.5612,0.0187
42031,37489,62.39,58690,0.0555,0.2275,0.0291
42033,79707,69.59,56982,0.0602,0.1913,0.031
42035,37860,42.64,59011,0.0535,0.203,0.0278
42037,64924,134.36,59457,0.0476,0.2546,0.0226
42039,83876,82.85,58734,0.0564,0.2059,0.0358
42041,261269,478.97,82849,0.0368,0.3867,0.0097
42043,286108,545.1,71046,0.0432,0.3328,0.011
42045,575312,3129.85,86390,0.0679,0.4087,0.0042
42047,30886,37.35,61672,0.065,0.1849,0.0129
42049,270495,338.58,59396,0.0547,0.2957,0.0085
42051,128417,162.4,55579,0.0721,0.1865,0.0337
42053,6959,16.29,46188,0.0429,0.1158,0.0632
42055,156084,202.1,71808,0.0342,0.2297,0.0323
42057,14545,33.24,63153,0.037,0.1631,0.0323
42059,35781,62.13,66283,0.0517,0.2111,0.0663
42061,44123,50.45,61300,0.0509,0.1806,0.0368
42063,83394,100.79,57170,0.0646,0.262,0.0433
42065,44326,67.94,56607,0.0537,0.1699,0.0348
42067,23535,60.13,61915,0.0313,0.1434,0.0507
42069,215672,469.86,63739,0.0482,0.299,0.0077
42071,553202,586.07,81458,0.0338,0.3052,0.0227
42073,85907,240.39,57585,0.0678,0.2204,0.0105
42075,143258,395.92,72532,0.044,0.2285,0.0208
42077,374110,1083.33,74973,0.0577,0.3235,0.0042
42079,325396,365.75,60836,0.0586,0.2454,0.0065
42081,114022,92.78,63437,0.0531,0.2437,0.0193
42083,40459,41.3,57861,0.0528,0.1949,0.0381
42085,110600,164.46,57353,0.0548,0.241,0.0165
42087,46146,112.27,58012,0.0391,0.1316,0.0255
42089,168128,276.36,80656,0.0631,0.2656,0.0077
42091,856399,1773.19,107441,0.0453,0.5143,0.0034
42093,18165,139.47,72626,0.024,0.364,0.0166
42095,314299,849.94,82201,0.0465,0.3284,0.0058
42097,91340,199.58,55952,0.0474,0.1847,0.0221
42099,45941,83.31,76103,0.0339,0.1826,0.0305
42101,1593208,11858.07,57537,0.0865,0.3361,0.0023
42103,58996,108.27,76416,0.085,0.2741,0.0102
42105,16390,15.16,56491,0.0484,0.1667,0.0652
42107,143201,183.93,63574,0.0531,0.1847,0.0229
42109,39797,121.04,65914,0.0218,0.2101,0.0342
42111,73802,68.65,57357,0.0519,0.1723,0.0474
42113,5880,13.07,62910,0.0552,0.1889,0.0801
42115,38540,46.8,63968,0.058,0.1989,0.0648
42117,41186,36.33,59707,0.0451,0.2132,0.0531
42119,42908,135.81,64914,0.0346,0.2505,0.0196
42121,50475,74.86,59278,0.0667,0.1939,0.0148
42123,38492,43.53,57925,0.0433,0.1895,0.0322
42125,209631,244.61,74403,0.0502,0.324,0.0306
42127,51227,70.58,59240,0.0591,0.2083,0.0209
42129,354414,344.86,69454,0.0496,0.3121,0.0088
42131,26219,65.98,67968,0.0446,0.2147,0.0285
42133,457051,505.38,79183,0.046,0.2634,0.0094
44001,50658,2099.23,105875,0.041,0.5138,0.0053
44003,170168,1009.5,85732,0.046,0.3357,0.0039
44005,85442,834.15,96319,0.0646,0.5211,0.0177
44007,657984,1606.87,72579,0.0628,0.312,0.003
44009,129998,394.8,99510,0.0593,0.4855,0.0117
45001,24368,49.61,49759,0.0283,0.1906,0.0063
45003,169865,158.65,63212,0.0617,0.296,0.0129
45005,8073,19.78,37096,0.1346,0.1078,0.0535
45007,204592,286.6,62347,0.0548,0.2614,0.0031
45009,13311,33.84,43920,0.1098,0.1785,0.023
45011,20653,37.66,42470,0.0589,0.1434,0.0338
45013,189071,328.23,81260,0.0309,0.4339,0.0109
45015,231419,209.69,77874,0.0377,0.2836,0.005
45017,14145,37.11,55550,0.0733,0.1914,0.0192
45019,409840,446.46,78795,0.037,0.4809,0.0053
45021,56200,143.02,47011,0.0593,0.1722,0.0097
45023,32171,55.4,50022,0.0616,0.1385,0.0114
45025,43536,54.49,46326,0.087,0.1287,0.0415
45027,31163,51.32,48677,0.101,0.1659,0.0448
45029,38561,36.5,46795,0.0857,0.1565,0.0144
45031,63025,112.43,44317,0.0653,0.19,0.0137
45033,28255,69.75,42454,0.0723,0.1188,0.0352
45035,162139,285.16,73686,0.0548,0.2944,0.0037
45037,26181,52.29,60033,0.0623,0.1988,0.0518
45039,20942,30.51,44521,0.0693,0.1472,0.0063
45041,137015,171.16,56088,0.0452,0.238,0.0095
45043,63594,78.16,59782,0.0503,0.3098,0.0135
45045,528251,672.13,71328,0.0415,0.393,0.0037
45047,69309,152.13,47553,0.0545,0.2423,0.0075
45049,18890,33.73,40157,0.1074,0.1156,0.0403
45051,356578,314.64,59880,0.0556,0.2536,0.0033
45053,29444,44.94,60452,0.0627,0.2328,0.0203
45055,65779,90.53,61343,0.047,0.2133,0.0205
45057,97611,177.78,72186,0.0498,0.3008,0.0092
45059,67456,94.63,52077,0.0521,0.1792,0.011
45061,16557,40.36,39099,0.0916,0.1445,0.0167
45063,295934,423.37,71280,0.0439,0.3261,0.0063
45065,9612,26.78,55569,0.0642,0.2126,0.0288
45067,29212,59.69,35972,0.068,0.1372,0.0257
45069,26585,55.4,34275,0.078,0.0829,0.0106
45071,37918,60.16,56706,0.0391,0.2251,0.0239
45073,78775,125.73,56710,0.0583,0.278,0.0106
45075,84159,76.07,41020,0.0921,0.1916,0.0201
45077,131106,263.83,57628,0.0415,0.2747,0.0032
45079,416161,549.55,59850,0.0678,0.4024,0.0051
45081,18952,41.86,51041,0.0333,0.1919,0.0574
45083,330119,408.37,61955,0.0472,0.2524,0.0063
45085,105199,158.18,53970,0.0719,0.2307,0.0211
45087,27158,52.88,42305,0.1016,0.1394,0.0148
45089,30879,33.06,40848,0.045,0.1524,0.0186
45091,282987,415.53,80158,0.0467,0.3685,0.0063
46003,2590,3.66,71490,0.0078,0.1821,0.2285
46005,19089,15.17,63813,0.0227,0.2549,0.0634
46007,3391,2.86,44821,0.0785,0.1836,0.1485
46009,7018,12.45,57554,0.0222,0.2007,0.092
46011,34631,43.71,64438,0.0393,0.4243,0.0715
46013,38278,22.35,70379,0.036,0.3282,0.0586
46015,5247,6.42,64821,0.0321,0.2573,0.1721
46017,1859,3.94,42917,0.1494,0.0681,0.1385
46019,10369,4.61,58106,0.0582,0.1817,0.1687
46021,1534,2.09,66932,0.039,0.2835,0.2372
46023,9302,8.48,60729,0.071,0.247,0.1637
46025,3837,4.01,59340,0.0535,0.1868,0.3162
46027,14953,36.29,55963,0.0819,0.4001,0.0588
46029,28402,41.31,65747,0.0154,0.2017,0.0626
46031,3906,1.58,48125,0.246,0.1716,0.3002
46033,8515,5.47,75943,0.0296,0.305,0.0828
46035,19966,45.83,55606,0.0145,0.2326,0.0505
46037,5485,5.33,57558,0.0263,0.2241,0.14
46039,4298,6.9,76997,0.0204,0.237,0.1365
46041,5275,2.29,55077,0.146,0.1787,0.1029
46043,2823,6.54,75048,0.0055,0.2059,0.2137
46045,4014,3.56,76806,0.021,0.2815,0.2049
46047,7079,4.07,54886,0.0269,0.1987,0.105
46049,2140,2.18,56734,0.0366,0.2215,0.3157
46051,7533,11.05,70851,0.0325,0.2441,0.1008
46053,3983,3.92,48272,0.0258,0.1915,0.1322
46055,1755,0.97,53109,0.0,0.1663,0.2602
46057,6196,12.22,76995,0.0248,0.2188,0.1185
46059,3075,2.14,72857,0.0116,0.2534,0.2982
46061,3443,7.92,86827,0.0202,0.2112,0.1255
46063,1176,0.44,71484,0.0223,0.2735,0.4573
46065,17812,24.02,83750,0.0041,0.3542,0.0482
46067,7401,9.1,69139,0.0151,0.2575,0.1713
46069,1319,1.53,69712,0.0068,0.2034,0.2209
46071,2838,1.52,26078,0.074,0.156,0.1538
46073,1836,3.49,66607,0.0072,0.1683,0.1798
46075,1006,1.04,61250,0.0161,0.3388,0.1906
46077,5172,6.21,65964,0.0082,0.2296,0.1646
46079,11207,19.91,74884,0.0159,0.3455,0.0918
46081,26047,32.56,62977,0.0253,0.367,0.0575
46083,65801,113.98,92317,0.0142,0.418,0.0224
46085,3719,2.26,60284,0.0501,0.2318,0.1543
46087,5714,9.95,74873,0.0207,0.2769,0.1396
46089,2251,1.98,58529,0.0028,0.2051,0.2743
46091,4363,5.21,74018,0.012,0.2331,0.1341
46093,29970,8.63,70256,0.0346,0.2738,0.0601
46095,1989,1.52,41397,0.165,0.1194,0.2044
46097,2312,4.05,62037,0.0141,0.165,0.1337
46099,197742,245.08,73110,0.0238,0.3418,0.0133
46101,6346,12.22,71469,0.0173,0.2701,0.1248
46102,13695,6.54,32279,0.1183,0.0815,0.0542
46103,110386,39.75,67823,0.0345,0.3338,0.0199
46105,2970,1.03,64410,0.0424,0.2023,0.3217
46107,2587,3.0,71786,0.0277,0.243,0.3011
46109,10242,9.3,59022,0.0517,0.1653,0.1088
46111,2373,4.17,65806,0.011,0.199,0.1522
46115,6355,4.23,65795,0.0158,0.2506,0.2029
46117,2979,2.06,82298,0.0017,0.2685,0.0828
46119,1318,1.31,66875,0.0,0.2151,0.3083
46121,9353,6.74,33792,0.1506,0.1474,0.0706
46123,5607,3.48,56758,0.049,0.1708,0.2005
46125,8687,14.08,72312,0.023,0.2645,0.1038
46127,16700,36.24,82036,0.0299,0.3542,0.0547
46129,5317,7.5,57697,0.0358,0.2765,0.1189
46135,23311,44.73,68847,0.0162,0.2728,0.0522
46137,2455,1.25,46023,0.3199,0.1487,0.2847
47001,77337,229.35,60633,0.0543,0.2453,0.0045
47003,50533,106.69,59955,0.0461,0.1712,0.0144
47005,15933,40.41,47737,0.0647,0.111,0.0249
47007,14816,36.44,51783,0.0668,0.1034,0.0929
47009,135951,243.28,70935,0.0408,0.2602,0.0077
47011,108859,331.12,60692,0.0536,0.2389,0.0058
47013,39397,82.04,48258,0.0707,0.1294,0.0088
47015,14481,54.51,57651,0.0326,0.175,0.0171
47017,28381,47.49,49700,0.046,0.1981,0.0251
47019,56315,165.02,47994,0.0719,0.2112,0.008
47021,41184,136.14,77014,0.0371,0.2289,0.0079
47023,17392,60.87,57471,0.069,0.1636,0.0163
47025,32092,73.84,42406,0.0605,0.1875,0.0272
47027,7592,32.1,39572,0.0555,0.123,0.0773
47029,36186,82.97,45110,0.0624,0.1173,0.0157
47031,58080,135.4,57424,0.0456,0.2333,0.0102
47033,13955,52.56,59136,0.0376,0.1553,0.0364
47035,61552,90.34,56002,0.0568,0.181,0.0253
47037,709786,1409.16,71863,0.0458,0.4598,0.002
47039,11483,34.39,48466,0.079,0.1563,0.0253
47041,20209,66.39,46907,0.0504,0.204,0.032
47043,54563,111.38,68492,0.0378,0.1931,0.0082
47045,36818,71.86,53150,0.045,0.2162,0.0163
47047,42228,59.92,81074,0.0535,0.2567,0.0153
47049,18642,37.39,47884,0.0527,0.1632,0.0763
47051,42980,77.51,57933,0.0263,0.218,0.0172
47053,50455,83.71,55455,0.0542,0.1854,0.0271
47055,30317,49.62,56877,0.0515,0.1894,0.0297
47057,23648,84.28,47098,0.0576,0.1409,0.0246
47059,70399,113.15,51975,0.0537,0.1798,0.0161
47061,13550,37.59,47948,0.0629,0.1355,0.0258
47063,64531,400.35,49656,0.0655,0.1884,0.0047
47065,367193,677.27,69069,0.0438,0.3555,0.0046
47067,6726,30.25,31809,0.1005,0.0988,0.0206
47069,25519,38.22,43566,0.1284,0.1048,0.0208
47071,26824,46.45,46902,0.0328,0.158,0.0205
47073,57107,117.25,53647,0.0858,0.1677,0.0079
47075,17806,33.4,44890,0.0851,0.1216,0.0321
47077,27845,53.55,51576,0.0537,0.1384,0.0229
47079,32305,57.49,48025,0.0404,0.1902,0.0343
47081,24996,40.81,54669,0.0372,0.1244,0.0264
47083,8253,41.2,51544,0.0422,0.1141,0.0602
47085,19032,35.86,54185,0.102,0.1687,0.02
47087,11730,37.99,42357,0.0718,0.1392,0.0204
47089,55017,200.01,60393,0.0544,0.2108,0.0172
47091,17982,60.25,47571,0.0436,0.1494,0.027
47093,481406,947.03,68580,0.0381,0.3915,0.0036
47095,6898,41.61,32064,0.0696,0.1083,0.035
47097,25171,53.34,46702,0.0607,0.1043,0.0223
47099,44377,71.91,51038,0.0633,0.1564,0.0357
47101,12637,44.8,44613,0.0524,0.0933,0.021
47103,35365,62.01,61374,0.043,0.1932,0.0355
47105,55507,242.1,75008,0.0295,0.2835,0.0282
47107,53532,124.46,57982,0.053,0.1741,0.0122
47109,25895,46.01,46920,0.0616,0.1146,0.0224
47111,25365,82.58,51215,0.0359,0.0987,0.0333
47113,98644,177.04,55280,0.0744,0.2593,0.0107
47115,28852,57.91,58139,0.057,0.1515,0.0113
47117,34567,92.07,65325,0.0583,0.2087,0.0149
47119,102002,166.36,71500,0.025,0.2585,0.0045
47121,12839,65.8,59434,0.0745,0.115,0.0166
47123,46489,73.12,52123,0.0659,0.1562,0.0201
47125,222305,412.31,67890,0.0606,0.3036,0.0051
47127,6558,50.75,69250,0.0417,0.2317,0.0199
47129,21124,40.45,51971,0.0838,0.1247,0.0097
47131,30670,56.29,50638,0.0498,0.1722,0.0231
47133,22576,52.08,46580,0.0347,0.1389,0.0303
47135,8432,20.33,55978,0.1093,0.1072,0.0216
47137,5042,30.94,44317,0.0451,0.1821,0.0088
47139,17620,40.54,53775,0.0781,0.1332,0.0214
47141,80157,199.84,54371,0.0453,0.2757,0.0095
47143,33031,104.7,55568,0.0791,0.171,0.0218
47145,53777,149.06,66460,0.049,0.2189,0.0076
47147,73297,153.88,74440,0.0379,0.2107,0.0135
47149,343727,555.06,78291,0.0394,0.3339,0.0043
47151,21917,41.17,39744,0.0962,0.1025,0.0224
47153,16065,60.43,53038,0.0331,0.1858,0.0178
47155,98455,166.17,60103,0.0354,0.2012,0.005
47157,926440,1218.11,59621,0.0734,0.3379,0.0025
47159,20034,63.74,57677,0.0346,0.169,0.0277
47161,13724,29.85,57257,0.0377,0.168,0.0223
47163,158722,383.9,54357,0.0619,0.2631,0.0054
47165,196845,371.79,81883,0.0349,0.3123,0.0051
47167,61116,134.14,70674,0.0541,0.1964,0.0138
47169,11596,101.42,62018,0.0077,0.0976,0.0041
47171,17845,95.91,49855,0.0543,0.1723,0.0022
47173,19860,88.83,57094,0.0571,0.1308,0.0114
47175,6182,22.61,44730,0.0408,0.102,0.056
47177,41163,95.14,52948,0.0389,0.1396,0.0373
47179,133282,408.23,58507,0.0496,0.3337,0.0056
47181,16325,22.24,49360,0.0459,0.1215,0.0443
47183,32946,56.77,47769,0.0399,0.2011,0.0308
47185,27420,72.79,48220,0.0541,0.1354,0.0121
47187,248897,427.03,125943,0.0211,0.6199,0.004
47189,149096,261.17,89462,0.0373,0.3674,0.0033
48001,58077,54.65,57445,0.0395,0.1311,0.0564
48003,18362,12.24,86458,0.0272,0.197,0.2159
48005,86608,108.55,57055,0.0595,0.1865,0.033
48007,24048,95.4,58168,0.0435,0.2417,0.0427
48009,8649,9.58,69954,0.0306,0.2517,0.1041
48011,1912,2.1,70417,0.0024,0.2592,0.1198
48013,49403,40.51,67442,0.0641,0.1453,0.0888
48015,30406,47.03,73556,0.0381,0.2413,0.0436
48017,6902,8.35,69830,0.0213,0.1534,0.179
48019,21182,26.78,70965,0.0665,0.2734,0.0426
48021,98435,110.82,80151,0.0435,0.2305,0.0226
48023,3475,4.01,52716,0.0113,0.2326,0.145
48025,30977,35.19,50283,0.064,0.115,0.0739
48027,372821,353.78,62858,0.0768,0.2677,0.0118
48029,2014059,1623.82,67275,0.0553,0.3043,0.0103
48031,11608,16.37,79717,0.0391,0.3062,0.0613
48033,686,0.76,80625,0.0176,0.3941,0.3835
48035,18404,18.72,63868,0.0394,0.1897,0.0579
48037,92747,104.81,56628,0.0397,0.2225,0.0198
48039,374600,274.77,91972,0.0464,0.3141,0.0182
48041,234548,400.16,57562,0.0456,0.432,0.0171
48043,9454,1.53,47747,0.0305,0.477,0.0532
48045,1290,1.43,35446,0.0331,0.1575,0.1774
48047,7059,7.48,30566,0.0205,0.1911,0.0824
48049,38159,40.4,53792,0.0378,0.1989,0.0446
48051,17958,27.25,71745,0.0376,0.2246,0.1084
48053,49684,49.94,71482,0.0338,0.2812,0.0344
48055,46141,84.73,66779,0.0242,0.1669,0.0353
48057,20127,39.7,62267,0.0339,0.1621,0.04
48059,13869,15.42,63906,0.0478,0.2287,0.0839
48061,421854,473.08,47435,0.0571,0.1947,0.0182
48063,12543,64.04,53968,0.0541,0.2073,0.0274
48065,5801,6.3,83199,0.0187,0.2522,0.1045
48067,28637,30.56,54303,0.0716,0.1722,0.0386
48069,7381,8.25,59886,0.0359,0.1949,0.1823
48071,47037,78.78,106103,0.0753,0.2279,0.0235
48073,50824,48.27,56971,0.0578,0.1617,0.0709
48075,6781,9.74,56063,0.0865,0.1464,0.1812
48077,10290,9.45,75227,0.0182,0.2324,0.1186
48079,2529,3.26,41597,0.0712,0.0853,0.2152
48081,3305,3.63,40230,0.0304,0.195,0.0492
48083,7808,6.18,51034,0.0626,0.2065,0.0869
48085,1079153,1282.79,113255,0.0423,0.5429,0.007
48087,2865,3.12,52045,0.0283,0.252,0.1034
48089,20582,21.43,63352,0.0574,0.2217,0.0968
48091,165201,295.25,93744,0.0365,0.4054,0.0133
48093,13651,14.56,57383,0.0734,0.1888,0.1022
48095,3235,3.29,55750,0.0225,0.1156,0.0873
48097,41860,47.85,66374,0.039,0.2327,0.0628
48099,82927,78.81,63281,0.0712,0.173,0.0253
48101,1647,1.83,47625,0.0414,0.1832,0.2106
48103,4636,5.91,71364,0.0298,0.1565,0.1716
48105,2949,1.05,64103,0.0195,0.1561,0.1816
48107,5157,5.73,50268,0.0486,0.1403,0.1115
48109,2181,0.57,35924,0.1006,0.1049,0.0237
48111,7165,4.77,71969,0.0256,0.143,0.2053
48113,2604053,2982.69,70732,0.0495,0.3388,0.006
48115,12342,13.71,45268,0.0953,0.135,0.166
48117,18585,12.42,51942,0.0215,0.1183,0.1109
48119,5278,20.55,68491,0.0636,0.2148,0.0792
48121,914870,1041.39,104180,0.0403,0.4787,0.0073
48123,19826,21.81,61100,0.0519,0.1406,0.1035
48125,1570,1.74,46638,0.0966,0.2019,0.1205
48127,8672,6.53,27374,0.0474,0.1459,0.1994
48129,3298,3.56,51711,0.0,0.135,0.2071
48131,9960,5.55,50697,0.0839,0.0782,0.2312
48133,17812,19.22,52902,0.0488,0.2286,0.0797
48135,162300,180.76,70566,0.058,0.166,0.1446
48137,1380,0.65,40809,0.0,0.1902,0.158
48139,195509,208.93,93248,0.0394,0.2787,0.0145
48141,863832,852.55,55417,0.0681,0.2501,0.0112
48143,42788,39.5,59654,0.0565,0.3236,0.1217
48145,17013,22.22,45172,0.0738,0.1348,0.061
48147,36052,40.47,65835,0.0474,0.2057,0.059
48149,24564,25.86,72881,0.0346,0.2406,0.0427
48151,3680,4.09,60461,0.0289,0.199,0.1613
48153,5386,5.43,49321,0.0411,0.1603,0.1273
48155,1075,1.53,41944,0.0593,0.1605,0.2205
48157,832607,966.22,109987,0.0522,0.4862,0.0437
48159,10445,36.73,67915,0.0649,0.3072,0.0612
48161,19599,22.33,55902,0.0345,0.1738,0.0585
48163,18151,16.01,56042,0.0257,0.0852,0.1996
48165,21523,14.33,73299,0.034,0.104,0.2104
48167,350801,924.9,83913,0.0592,0.3381,0.0184
48169,5735,6.42,56215,0.0987,0.1328,0.1516
48171,26953,25.47,70162,0.0353,0.3523,0.0604
48173,1068,1.19,112188,0.0128,0.3775,0.4233
48175,7092,8.32,58125,0.0476,0.1784,0.1093
48177,19736,18.5,64255,0.0103,0.1309,0.1229
48179,21272,22.97,54563,0.0541,0.1603,0.0903
48181,137008,146.87,66608,0.0388,0.2282,0.0158
48183,124245,454.48,63811,0.0367,0.2242,0.035
48185,29442,37.39,63484,0.0563,0.1943,0.0642
48187,173828,244.4,88111,0.0427,0.2954,0.0184
48189,32525,32.37,50721,0.0467,0.148,0.0988
48191,2847,3.22,43873,0.0753,0.182,0.175
48193,8244,9.86,54890,0.0279,0.2505,0.0835
48195,5270,5.73,62350,0.0433,0.2958,0.2358
48197,3541,5.09,60455,0.0248,0.1743,0.1017
48199,56576,63.53,70164,0.0461,0.1847,0.0184
48201,4726177,2768.76,70789,0.0639,0.3317,0.0277
48203,69098,76.77,63427,0.0608,0.222,0.0433
48205,5369,3.67,78065,0.015,0.2528,0.1979
48207,5408,5.99,52786,0.0628,0.2016,0.1269
48209,245351,362.49,79990,0.0509,0.4036,0.009
48211,3371,3.72,67798,0.0406,0.233,0.3056
48213,82627,94.56,59778,0.055,0.1905,0.0473
48215,873167,555.82,49371,0.0761,0.2012,0.0316
48217,36138,37.69,60669,0.0449,0.1751,0.0638
48219,21495,23.66,53283,0.0527,0.1719,0.142
48221,62459,148.47,80013,0.0582,0.3165,0.0439
48223,37008,48.22,63766,0.0477,0.216,0.0386
48225,22107,17.96,51043,0.045,0.1478,0.0595
48227,34488,38.29,67243,0.0518,0.1382,0.1559
48229,3329,0.73,35163,0.0817,0.1035,0.1284
48231,101596,120.89,66885,0.0584,0.2133,0.0128
48233,20595,23.21,62211,0.0427,0.1561,0.079
48235,1561,1.48,54708,0.0126,0.1837,0.2432
48237,8588,9.43,58861,0.082,0.1555,0.1123
48239,15010,18.1,67176,0.0553,0.1303,0.1323
48241,33032,35.19,48818,0.1252,0.1224,0.0483
48243,1992,0.88,38125,0.0,0.2785,0.139
48245,254942,290.78,57294,0.054,0.1991,0.0132
48247,4830,4.25,42292,0.0452,0.1275,0.2818
48249,39060,45.15,46626,0.0522,0.1526,0.1169
48251,182690,252.06,77058,0.0349,0.2138,0.0179
48253,19758,21.28,59361,0.0466,0.1116,0.0887
48255,14805,19.8,57798,0.0527,0.1628,0.1056
48257,149773,191.82,84075,0.0491,0.2377,0.0116
48259,45376,68.5,104196,0.0484,0.4851,0.0259
48261,116,0.08,45455,0.0,0.0805,0.5
48263,635,0.7,68553,0.0539,0.2788,0.1295
48265,52810,47.86,66713,0.0333,0.2977,0.0259
48267,4316,3.45,62386,0.0076,0.2786,0.1114
48269,216,0.24,59375,0.0449,0.3063,0.4706
48271,3157,2.32,52386,0.0194,0.1329,0.0297
48273,30860,35.02,52487,0.0752,0.2296,0.0473
48275,3333,3.92,48750,0.0157,0.1416,0.1608
48277,50149,55.27,58246,0.0389,0.2089,0.053
48279,13024,12.82,54519,0.0277,0.1288,0.1314
48281,21829,30.64,73269,0.0532,0.2019,0.0236
48283,6965,4.68,62798,0.0416,0.0542,0.16
48285,20379,21.02,58530,0.0298,0.1956,0.0896
48287,17543,27.89,66448,0.0278,0.1659,0.0386
48289,15928,14.84,57363,0.051,0.1501,0.1283
48291,93523,80.74,59605,0.0694,0.1056,0.0495
48293,22222,24.54,53102,0.0357,0.1686,0.0561
48295,3038,3.26,71625,0.059,0.2473,0.191
48297,11374,10.94,55949,0.0356,0.1356,0.1067
48299,21637,23.16,64241,0.06,0.3181,0.0379
48301,96,0.14,0,0.0,0.0,0.4103
48303,311509,347.82,61911,0.0457,0.3262,0.0241
48305,5619,6.3,52996,0.0358,0.2456,0.1233
48307,7638,7.17,53214,0.0872,0.1855,0.0867
48309,261090,251.86,59781,0.0441,0.2694,0.0101
48311,670,0.59,60313,0.0237,0.1574,0.2267
48313,13556,29.09,65768,0.0626,0.1404,0.1675
48315,9668,25.38,48040,0.1069,0.1626,0.0652
48317,5228,5.71,70217,0.1017,0.1689,0.2137
48319,3959,4.26,77583,0.028,0.3799,0.113
48321,36251,33.17,56412,0.0666,0.2085,0.0582
48323,57806,45.18,48497,0.0714,0.1582,0.0723
48325,51432,38.81,73060,0.0235,0.2218,0.0465
48327,1964,2.18,40945,0.1429,0.2387,0.0705
48329,169393,188.14,90123,0.0341,0.2945,0.1961
48331,25080,24.68,56985,0.0583,0.1824,0.0735
48333,4501,6.02,59315,0.0231,0.2845,0.0659
48335,8947,9.82,49869,0.014,0.096,0.1239
48337,20197,21.7,63336,0.0514,0.1672,0.1104
48339,629989,604.49,95946,0.043,0.3774,0.0463
48341,21284,23.66,59041,0.0246,0.1184,0.1241
48343,11993,47.59,51532,0.0585,0.1354,0.0189
48345,1223,1.24,66528,0.0296,0.2041,0.1489
48347,64768,68.44,51153,0.0664,0.2536,0.0362
48349,52834,52.33,56261,0.0558,0.17,0.0371
48351,12333,13.21,38871,0.1058,0.0679,0.0548
48353,14657,16.07,47437,0.0665,0.1396,0.0677
48355,353245,421.0,64027,0.0568,0.2249,0.0215
48357,9924,10.81,62240,0.0153,0.1856,0.2678
48359,2171,1.45,71103,0.0145,0.2389,0.1134
48361,84761,253.94,71910,0.0577,0.1716,0.0131
48363,28569,29.99,65242,0.0734,0.1806,0.0844
48365,22540,27.78,58205,0.0293,0.1615,0.1065
48367,151188,167.3,95721,0.0389,0.3088,0.0345
48369,9809,11.14,65575,0.0214,0.1845,0.1534
48371,15114,3.17,59325,0.0123,0.1147,0.1511
48373,50536,47.81,57315,0.0931,0.1319,0.049
48375,117905,129.8,47974,0.037,0.1697,0.0116
48377,6168,1.6,29012,0.1235,0.2122,0.1462
48379,12257,53.42,60291,0.023,0.205,0.0474
48381,141489,155.02,78038,0.0284,0.3271,0.0207
48383,3308,2.81,70319,0.0867,0.1198,0.3983
48385,2830,4.05,46842,0.0156,0.2095,0.0408
48387,11627,11.14,44583,0.0378,0.1397,0.0382
48389,14022,5.32,57487,0.0695,0.0984,0.1636
48391,6718,8.72,54304,0.056,0.1121,0.1163
48393,764,0.83,62667,0.005,0.1922,0.191
48395,16912,19.78,59410,0.0867,0.1838,0.0749
48397,110631,869.7,121303,0.0388,0.4387,0.0058
48399,9858,9.38,55424,0.03,0.1832,0.1432
48401,52755,57.08,61661,0.0554,0.1583,0.0856
48403,9980,20.3,47061,0.0838,0.1788,0.0363
48405,7920,14.92,45888,0.1035,0.1278,0.0796
48407,27666,48.6,54839,0.0711,0.16,0.0355
48409,68942,99.42,63842,0.0436,0.176,0.0586
48411,5779,5.09,54087,0.0377,0.1944,0.1333
48413,2474,1.89,53774,0.0686,0.136,0.3333
48415,16883,18.65,58932,0.0225,0.1856,0.1817
48417,3134,3.43,60924,0.0723,0.324,0.1839
48419,24157,30.36,49231,0.0402,0.1383,0.1061
48421,2414,2.62,66169,0.0153,0.2179,0.2377
48423,234667,254.67,69053,0.0472,0.2738,0.0295
48425,9337,50.1,87899,0.0394,0.286,0.0449
48427,65716,53.73,35979,0.1146,0.1273,0.0486
48429,9260,10.33,44712,0.0862,0.1841,0.1784
48431,1392,1.51,63558,0.0,0.2341,0.2522
48433,1331,1.45,66591,0.0177,0.1508,0.2489
48435,3345,2.3,56778,0.0473,0.1534,0.2035
48437,6989,7.85,40290,0.0519,0.193,0.1274
48439,2113854,2442.96,78872,0.0488,0.3391,0.008
48441,143029,156.22,61806,0.0239,0.2867,0.0208
48443,862,0.37,52813,0.0,0.2953,0.1621
48445,11816,13.29,42694,0.0475,0.1103,0.2244
48447,1439,1.58,55221,0.0252,0.2021,0.1839
48449,31301,77.08,57634,0.0402,0.1535,0.0267
48451,119276,78.37,67215,0.0315,0.2464,0.0589
48453,1289054,1296.77,92731,0.0418,0.5379,0.0056
48455,13735,19.8,51165,0.0704,0.1484,0.0523
48457,19962,21.59,50898,0.126,0.1311,0.0917
48459,41261,70.78,60456,0.0433,0.1703,0.0467
48461,3284,2.65,55284,0.047,0.0966,0.2949
48463,24833,16.0,55000,0.0321,0.1909,0.066
48465,47693,15.17,57250,0.0338,0.2023,0.0456
48467,60053,71.27,62334,0.0309,0.1708,0.0664
48469,91209,103.4,66308,0.0515,0.192,0.0496
48471,77182,98.42,47193,0.0703,0.1932,0.0297
48473,57463,111.95,71643,0.0606,0.2487,0.0396
48475,11347,13.58,70771,0.0553,0.1134,0.1503
48477,35807,59.26,70043,0.0269,0.2885,0.0379
48479,267282,79.51,59984,0.0593,0.2058,0.0328
48481,41614,38.31,59712,0.0567,0.1811,0.0921
48483,4980,5.45,58158,0.0657,0.1727,0.2049
48485,129584,206.48,58862,0.0417,0.2387,0.0248
48487,12795,13.18,50769,0.0929,0.1664,0.0699
48489,20308,34.39,42839,0.0871,0.1048,0.1077
48491,617396,553.31,102851,0.0436,0.4628,0.0059
48493,50381,62.68,89708,0.0337,0.2539,0.0456
48495,7582,9.01,89155,0.0228,0.0909,0.1982
48497,70062,77.47,85385,0.0431,0.2081,0.0704
48499,45341,70.27,61748,0.0528,0.2113,0.0495
48501,7630,9.54,80317,0.0392,0.0968,0.3143
48503,17903,19.58,65565,0.0263,0.2254,0.1564
48505,13896,13.92,35061,0.0805,0.1135,0.1123
48507,9700,7.48,49243,0.0576,0.1376,0.0895
49001,7102,2.75,80268,0.0365,0.2754,0.1211
49003,58291,10.15,72769,0.0263,0.2584,0.0368
49005,134428,115.42,72719,0.0245,0.3995,0.0152
49007,20338,13.75,53734,0.0673,0.1673,0.0749
49009,638,0.92,61250,0.0349,0.1818,0.0361
49011,363032,1213.88,101285,0.0246,0.3837,0.0078
49013,19779,6.11,70821,0.0429,0.1438,0.1523
49015,9898,2.22,67056,0.0362,0.156,0.113
49017,5121,0.99,56481,0.0442,0.3032,0.0591
49019,9680,2.64,59171,0.0125,0.3172,0.0297
49021,58068,17.62,63005,0.0328,0.3038,0.0331
49023,11943,3.52,88048,0.0188,0.2139,0.0481
49025,7814,1.96,70327,0.0353,0.3239,0.0392
49027,13027,1.92,69403,0.0441,0.2355,0.1253
49029,12367,20.3,120854,0.0171,0.3758,0.0357
49031,1764,2.33,33359,0.0912,0.1961,0.0917
49033,2543,2.47,69250,0.0258,0.2683,0.0856
49035,1180643,1591.01,90011,0.0359,0.3769,0.0073
49037,14524,1.86,52108,0.1208,0.1906,0.0685
49039,28816,18.12,64356,0.0455,0.2232,0.0819
49041,21667,11.34,66972,0.0488,0.2283,0.0694
49043,42524,22.73,126392,0.0225,0.5744,0.0145
49045,74032,10.66,95545,0.039,0.2258,0.0183
49047,35951,8.02,67983,0.0625,0.1798,0.1371
49049,666021,332.33,91263,0.0343,0.4283,0.0082
49051,35009,29.74,104855,0.0237,0.4668,0.0263
49053,183297,75.51,71976,0.0305,0.3276,0.0079
49055,2532,1.03,64870,0.0062,0.2225,0.1099
49057,262960,456.31,82291,0.0308,0.2701,0.0091
50001,37434,48.86,85870,0.041,0.4184,0.0504
50003,37326,55.31,68558,0.0415,0.394,0.0192
50005,30418,46.89,62964,0.0263,0.3151,0.0295
50007,168309,313.26,89494,0.0391,0.557,0.0116
50009,5976,9.02,55247,0.0543,0.2017,0.0472
50011,50101,79.44,73633,0.033,0.2741,0.0421
50013,7335,89.7,86639,0.0345,0.426,0.0357
50015,25977,56.2,69886,0.0393,0.428,0.0221
50017,29439,42.84,74534,0.0309,0.3523,0.0539
50019,27459,39.54,63981,0.0606,0.2773,0.0452
50021,60585,65.16,62641,0.0427,0.3304,0.0211
50023,59768,87.05,77278,0.0296,0.4618,0.0206
50025,45857,58.38,65473,0.0435,0.404,0.0257
50027,57832,59.63,69492,0.0367,0.4076,0.0286
51001,33367,74.26,52694,0.0373,0.2135,0.0596
51003,112513,156.17,97708,0.0311,0.6013,0.0121
51005,15159,33.95,52546,0.037,0.1524,0.0173
51007,13309,37.45,63438,0.0413,0.1772,0.0235
51009,31426,66.3,64454,0.0448,0.2186,0.0085
51011,16253,48.63,60041,0.0351,0.1928,0.0249
51013,235845,9071.86,137387,0.0278,0.7676,0.002
51015,77433,80.07,76124,0.03,0.2326,0.0334
51017,4177,7.89,55699,0.0201,0.1834,0.0639
51019,79761,104.93,74773,0.0291,0.3256,0.0157
51021,6241,17.45,59901,0.0335,0.1642,0.0746
51023,33734,62.32,77680,0.0309,0.2765,0.0165
51025,15965,28.2,52678,0.0516,0.1605,0.0402
51027,20246,40.26,39591,0.0597,0.1094,0.1374
51029,16869,29.1,59894,0.0503,0.1216,0.05
51031,55518,110.33,59022,0.0494,0.2465,0.0155
51033,31181,59.13,83562,0.0463,0.2231,0.0129
51035,29126,61.35,49113,0.0482,0.159,0.0202
51036,6760,36.96,65573,0.041,0.1619,0.0214
51037,11563,24.33,51548,0.0362,0.1663,0.055
51041,366019,864.26,95757,0.0473,0.4232,0.003
51043,14882,84.59,107475,0.0351,0.3449,0.0347
51045,4898,14.93,66286,0.0187,0.1597,0.0576
51047,52822,139.3,92359,0.039,0.2685,0.0133
51049,9697,32.6,56497,0.0319,0.1853,0.0166
51051,14089,42.64,40143,0.0341,0.1143,0.095
51053,28057,55.68,77225,0.0473,0.1785,0.0054
51057,10602,41.2,52335,0.0985,0.1532,0.0145
51059,1145354,2929.14,145165,0.0412,0.641,0.0013
51061,73290,113.1,122785,0.0233,0.3943,0.0229
51063,15532,40.77,57146,0.0263,0.232,0.0451
51065,27442,95.58,90766,0.0297,0.3579,0.0178
51067,54838,79.41,66275,0.0284,0.2385,0.0193
51069,92007,222.7,92443,0.0416,0.2909,0.0136
51071,16711,46.78,61987,0.0218,0.1925,0.0135
51073,38875,178.48,83750,0.034,0.255,0.0227
51075,24906,88.31,105600,0.0244,0.4444,0.0221
51077,15356,34.76,43348,0.0425,0.141,0.0397
51079,20631,132.29,81338,0.0383,0.2789,0.0124
51081,11373,38.52,51823,0.0632,0.1343,0.0321
51083,34013,41.59,49145,0.0368,0.1709,0.0206
51085,110513,236.33,104678,0.0294,0.4184,0.0109
51087,333120,1425.57,82424,0.0391,0.4539,0.0033
51089,50760,132.76,43694,0.0523,0.144,0.0047
51091,2247,5.41,57070,0.1466,0.3065,0.0902
51093,38898,123.22,91680,0.0547,0.2978,0.0151
51095,78818,553.89,100711,0.0367,0.5002,0.0025
51097,6681,21.2,70147,0.0568,0.2256,0.066
51099,26985,150.23,103264,0.0257,0.3486,0.0084
51101,17845,65.15,79398,0.0397,0.2481,0.0104
51103,10866,81.51,62674,0.0935,0.323,0.0095
51105,22287,51.19,41619,0.0809,0.1152,0.0375
51107,420773,815.87,170463,0.032,0.635,0.0061
51109,38106,76.97,76594,0.064,0.2583,0.0359
51111,11988,27.77,54438,0.0398,0.111,0.0208
51113,13828,43.13,74586,0.037,0.245,0.038
51115,8537,99.37,79054,0.0819,0.2981,0.003
51117,30367,48.56,51265,0.0362,0.2147,0.0201
51119,10738,82.39,69389,0.0457,0.2959,0.0184
51121,99373,256.88,65270,0.0329,0.4652,0.0084
51125,14773,31.38,64028,0.0324,0.3043,0.0661
51127,23296,110.91,113120,0.0305,0.3361,0.0076
51131,12132,57.3,54693,0.0477,0.2934,0.0703
51133,12007,62.72,64655,0.0494,0.3373,0.0446
51135,15638,49.74,62366,0.064,0.1605,0.0506
51137,36593,107.29,87309,0.0438,0.273,0.0331
51139,23753,76.62,56760,0.0464,0.147,0.0186
51141,17660,36.57,49180,0.0225,0.1628,0.0168
51143,60541,62.48,52619,0.054,0.1499,0.0213
51145,30503,117.23,108089,0.0261,0.3276,0.014
51147,21922,62.64,57304,0.0238,0.269,0.0128
51149,42634,160.68,80318,0.0746,0.2409,0.0085
51153,481114,1435.06,123193,0.0467,0.4367,0.0027
51155,33841,105.81,59740,0.0328,0.2114,0.0098
51157,7422,27.86,98663,0.0649,0.3382,0.0171
51159,8968,46.84,62708,0.04,0.1782,0.0303
51161,96653,385.77,80872,0.0259,0.3753,0.0043
51163,22673,38.01,61903,0.0393,0.3016,0.0337
51165,83905,98.74,73232,0.028,0.2883,0.0342
51167,25763,54.41,44088,0.0589,0.1255,0.0637
51169,21536,40.19,44535,0.0341,0.1388,0.0185
51171,44337,87.26,62149,0.0415,0.2069,0.0384
51173,29799,66.01,45061,0.0326,0.1745,0.0112
51175,18003,30.05,67813,0.0548,0.1896,0.0422
51177,141097,351.5,105068,0.0565,0.3329,0.0059
51179,157606,585.45,128036,0.0394,0.4307,0.0023
51181,6546,23.47,68655,0.0603,0.2351,0.0143
51183,10866,22.17,59195,0.0497,0.154,0.0317
51185,40392,77.86,46508,0.0569,0.1594,0.0334
51187,40800,190.12,79313,0.0565,0.2243,0.0064
51191,53985,96.2,59116,0.0416,0.2457,0.0208
51193,18480,80.58,56647,0.0911,0.1764,0.0658
51195,36105,89.49,47541,0.0913,0.1627,0.0548
51197,28275,61.21,53921,0.0517,0.201,0.0382
51199,70238,670.8,105154,0.0422,0.4949,0.0032
51510,157594,10551.76,113179,0.0322,0.66,0.0017
51520,17036,1323.58,45250,0.0414,0.2281,0.0079
51530,6639,1031.2,48783,0.0133,0.2147,0.0401
51540,46289,4518.17,67177,0.0511,0.5894,0.0021
51550,249377,736.81,92703,0.0501,0.3576,0.0015
51570,18158,2414.8,72216,0.0611,0.2808,0.0047
51580,5722,1046.32,45737,0.0256,0.114,0.0
51590,42507,993.22,41484,0.0579,0.1865,0.0031
51595,5680,822.72,41442,0.0698,0.1647,0.0224
51600,24242,3884.65,128708,0.0368,0.6005,0.0013
51610,14576,7122.6,164536,0.06,0.7887,0.0
51620,8194,989.93,57537,0.0527,0.2318,0.0
51630,28258,2704.0,83445,0.0518,0.4348,0.0063
51640,6687,811.89,44612,0.0438,0.1746,0.0104
51650,137217,2666.44,64430,0.0654,0.2767,0.0039
51660,51784,2986.52,56050,0.0675,0.3519,0.0193
51670,23046,2225.73,50661,0.0876,0.111,0.0021
51678,7346,2939.29,93651,0.0247,0.6023,0.0
51680,79166,1616.41,56243,0.0542,0.3798,0.007
51683,42620,4329.98,110559,0.0332,0.3454,0.0005
51685,17123,5644.05,91673,0.0316,0.2502,0.0049
51690,13539,1235.82,39127,0.0426,0.203,0.0203
51700,185118,2683.32,63355,0.0561,0.2868,0.0038
51710,236973,4448.11,60998,0.0671,0.3217,0.0015
51720,3668,490.55,36974,0.0733,0.1937,0.0439
51730,33261,1463.92,46930,0.1134,0.2176,0.0037
51735,12479,812.61,114503,0.0142,0.3845,0.0133
51740,97384,2924.39,57154,0.0664,0.2125,0.001
51750,16379,1692.68,51039,0.072,0.4478,0.0044
51760,227171,3790.92,59606,0.0608,0.4412,0.0026
51770,99213,2333.26,51523,0.0657,0.2841,0.0039
51775,25372,1747.97,68402,0.0354,0.3252,0.003
51790,25581,1284.16,59731,0.0506,0.3356,0.0134
51800,94856,237.64,87758,0.0631,0.3208,0.0064
51810,457900,1871.1,87544,0.0425,0.3978,0.0023
51820,22341,1492.41,52519,0.0473,0.2722,0.0059
51830,15486,1732.57,66815,0.0602,0.5061,0.0006
51840,28103,3057.03,62495,0.0522,0.3226,0.0173
53001,20557,10.68,63105,0.063,0.1472,0.2843
53003,22370,35.17,63724,0.0588,0.231,0.0217
53005,207560,122.08,83778,0.0481,0.3234,0.0461
53007,79076,27.07,71876,0.0344,0.2953,0.1084
53009,77333,44.48,66108,0.0544,0.3082,0.0345
53011,504091,802.06,90115,0.052,0.3219,0.0083
53013,3980,4.58,68825,0.0353,0.2665,0.1195
53015,110621,96.94,70912,0.055,0.1659,0.027
53017,43189,23.74,79422,0.0426,0.2173,0.1853
53019,7260,3.3,50424,0.0755,0.1811,0.1206
53021,96692,77.88,77877,0.0574,0.2004,0.141
53023,2310,3.25,57958,0.0647,0.27,0.1484
53025,99145,37.0,66387,0.0537,0.1767,0.2271
53027,75672,39.8,59105,0.0637,0.1718,0.0477
53029,86510,414.97,82850,0.0548,0.3536,0.0174
53031,33006,18.3,64796,0.0845,0.4346,0.0339
53033,2254371,1065.78,116340,0.0451,0.5485,0.0044
53035,275411,697.06,93675,0.0466,0.3533,0.007
53037,44424,19.34,66800,0.0592,0.3606,0.0493
53039,22798,12.18,66581,0.0693,0.3079,0.106
53041,82663,34.4,67247,0.0631,0.1976,0.0547
53043,11036,4.78,68172,0.0533,0.2301,0.1544
53045,66053,68.84,74388,0.062,0.2144,0.0482
53047,42336,8.04,58218,0.0584,0.2264,0.2072
53049,23396,25.06,58889,0.0428,0.2371,0.0983
53051,13570,9.69,59353,0.0613,0.2149,0.062
53053,918993,550.97,91486,0.0498,0.2932,0.0072
53055,18001,103.51,76745,0.0317,0.526,0.0284
53057,129480,74.83,82029,0.0508,0.2867,0.0398
53059,12118,7.31,84500,0.0523,0.2636,0.0245
53061,828337,396.99,104083,0.0441,0.3537,0.007
53063,538711,305.35,70394,0.0578,0.3193,0.0115
53065,46774,18.88,62381,0.0526,0.2095,0.0512
53067,294272,407.3,88895,0.0549,0.364,0.02
53069,4476,17.02,59167,0.0318,0.2214,0.0637
53071,62150,48.94,66635,0.0583,0.2987,0.0673
53073,226523,107.46,77581,0.0487,0.3702,0.0266
53075,47141,21.83,49345,0.0671,0.5091,0.0521
53077,256143,59.64,64910,0.0724,0.182,0.15
54001,15527,45.53,44341,0.1015,0.1177,0.062
54003,123283,383.88,73619,0.0463,0.2432,0.0102
54005,21705,43.28,56182,0.098,0.1167,0.0998
54007,12505,24.48,42245,0.1438,0.1174,0.0349
54009,22349,250.56,51963,0.0571,0.219,0.0214
54011,93965,334.37,48944,0.0606,0.303,0.0078
54013,6279,22.49,39031,0.1225,0.0833,0.1266
54015,8049,23.54,41530,0.1122,0.126,0.0801
54017,7847,24.54,56587,0.0432,0.12,0.0639
54019,40545,61.28,50090,0.0746,0.158,0.0305
54021,7444,21.99,51552,0.071,0.2022,0.0744
54023,11034,23.11,52877,0.0532,0.1322,0.0259
54025,32995,32.35,45519,0.043,0.2089,0.0331
54027,23275,36.34,55222,0.0848,0.1456,0.0156
54029,28907,349.92,57515,0.0846,0.1909,0.0242
54031,14249,24.47,49205,0.0456,0.149,0.0507
54033,65862,158.32,56184,0.0535,0.2467,0.0339
54035,27868,60.01,55173,0.0358,0.1862,0.0428
54037,58043,277.33,93744,0.0485,0.3217,0.0084
54039,179895,199.52,55226,0.0544,0.2817,0.0191
54041,16920,43.73,50552,0.0865,0.176,0.0964
54043,20410,46.69,50985,0.0595,0.0808,0.0344
54045,32350,71.3,42194,0.133,0.1327,0.0792
54047,18911,35.45,28235,0.1509,0.0665,0.1121
54049,56194,182.0,59974,0.0639,0.2507,0.0321
54051,30509,99.89,58129,0.0395,0.1904,0.0382
54053,25488,59.17,53058,0.0294,0.1548,0.0142
54055,59530,142.09,46409,0.0419,0.2057,0.027
54057,26957,82.22,64728,0.0579,0.2306,0.0212
54059,23466,55.46,38305,0.1119,0.0956,0.1558
54061,105988,294.34,60893,0.0565,0.4827,0.0226
54063,12438,26.31,52392,0.1063,0.1523,0.0868
54065,17237,75.25,61021,0.051,0.187,0.0248
54067,24624,38.07,48826,0.0663,0.1843,0.0852
54069,42224,398.98,55521,0.0528,0.3318,0.0282
54071,6156,8.84,52458,0.0731,0.1923,0.0866
54073,7622,58.58,59666,0.0724,0.1206,0.054
54075,7940,8.44,41680,0.0805,0.1476,0.0459
54077,34206,52.72,60136,0.0716,0.1757,0.068
54079,57347,165.9,75725,0.0378,0.2954,0.0094
54081,74303,122.74,47975,0.0712,0.2055,0.0419
54083,28005,26.94,51186,0.073,0.1763,0.0314
54085,8507,18.82,48973,0.0358,0.1232,0.1033
54087,14027,29.01,41299,0.1173,0.1362,0.0724
54089,11985,33.24,42991,0.0764,0.1654,0.0285
54091,16602,96.09,52946,0.0933,0.1835,0.0486
54093,6747,16.1,54053,0.0657,0.2483,0.0503
54095,8336,32.52,59167,0.0493,0.1639,0.0788
54097,23875,67.32,49663,0.058,0.1665,0.0669
54099,38933,76.94,52694,0.0505,0.1831,0.0074
54101,8362,15.11,43409,0.1112,0.115,0.2068
54103,14431,40.3,50715,0.0608,0.1344,0.0641
54105,5202,22.37,52776,0.0261,0.1515,0.0129
54107,84272,229.94,54350,0.0525,0.2203,0.017
54109,21237,42.52,44510,0.0637,0.1143,0.1286
55001,20730,32.11,55223,0.0503,0.1562,0.036
55003,16041,15.35,57000,0.0442,0.2067,0.0297
55005,46683,54.09,59379,0.0317,0.2073,0.0482
55007,16214,10.97,67266,0.036,0.3357,0.0374
55009,268393,506.31,74066,0.0288,0.3174,0.0138
55011,13329,19.72,64238,0.0233,0.21,0.0929
55013,16561,20.16,60466,0.0517,0.2209,0.0251
55015,52361,164.53,84151,0.023,0.3171,0.0273
55017,66254,65.71,69815,0.0301,0.2321,0.028
55019,34703,28.69,63187,0.0338,0.1312,0.1226
55021,58272,76.12,79271,0.0319,0.2419,0.0328
55023,16123,28.25,60823,0.0277,0.1752,0.0704
55025,559891,467.94,84297,0.0229,0.5399,0.0098
55027,89032,101.67,71747,0.0413,0.1957,0.0408
55029,30038,62.32,68257,0.0373,0.3526,0.0307
55031,44092,33.81,64682,0.0371,0.272,0.0177
55033,45221,53.19,69721,0.0367,0.2856,0.0331
55035,105697,165.69,70127,0.0323,0.3537,0.0176
55037,4574,9.37,58049,0.0598,0.2251,0.0687
55039,104027,144.57,70368,0.0332,0.223,0.0299
55041,9239,9.11,55552,0.0396,0.1574,0.0749
55043,51842,45.2,63497,0.0305,0.2421,0.0811
55045,37066,63.46,76080,0.034,0.2615,0.0497
55047,19093,54.62,66395,0.0331,0.2243,0.0527
55049,23766,31.16,79226,0.0237,0.2775,0.0819
55051,6136,8.09,55777,0.0393,0.2373,0.0398
55053,20958,21.21,64630,0.0552,0.1588,0.1016
55055,85932,154.42,77018,0.0337,0.2787,0.0218
55057,26695,34.8,63455,0.0418,0.1612,0.0413
55059,168693,620.57,76583,0.0536,0.2942,0.0115
55061,20570,60.07,77610,0.0199,0.2026,0.0667
55063,120216,266.08,68731,0.0307,0.3585,0.0082
55065,16716,26.38,69293,0.0236,0.1988,0.1337
55067,19512,22.41,55091,0.0486,0.1583,0.0617
55069,28402,32.32,64314,0.0479,0.1877,0.0202
55071,81242,137.86,66412,0.02,0.231,0.045
55073,137820,89.19,73248,0.0314,0.2705,0.0305
55075,41827,29.89,60347,0.0381,0.1788,0.051
55077,15619,34.27,59748,0.0355,0.1445,0.056
55078,4279,11.97,62194,0.1069,0.1893,0.047
55079,933063,3863.9,59319,0.0468,0.3308,0.0047
55081,46208,51.29,66451,0.0271,0.2011,0.0692
55083,39048,39.15,73611,0.0205,0.1735,0.0336
55085,37799,33.93,66111,0.0219,0.2708,0.0204
55087,190611,298.97,78705,0.0309,0.3156,0.0165
55089,91745,393.72,92258,0.0265,0.498,0.0123
55091,7363,31.74,70833,0.0221,0.2282,0.0699
55093,42187,73.49,82996,0.0286,0.3102,0.0357
55095,45128,49.36,74142,0.0417,0.2276,0.0297
55097,70281,87.76,71301,0.0328,0.3361,0.0316
55099,14066,11.22,55822,0.0267,0.1609,0.0572
55101,197068,592.43,72658,0.0436,0.28,0.0094
55103,17256,29.44,61985,0.0264,0.1993,0.0643
55105,163817,228.1,70630,0.0386,0.2439,0.0145
55107,14179,15.52,57473,0.047,0.1712,0.0631
55109,93752,129.82,97950,0.0221,0.3778,0.0149
55111,65664,78.97,72930,0.0281,0.2516,0.0324
55113,18057,14.36,57519,0.0647,0.2692,0.0303
55115,40848,45.73,65493,0.0286,0.1817,0.0726
55117,117741,230.18,68969,0.028,0.2664,0.0184
55119,19979,20.49,61360,0.0322,0.1583,0.0647
55121,30679,41.86,68474,0.0258,0.1967,0.0735
55123,30811,38.92,65177,0.0249,0.2432,0.0548
55125,23146,26.99,63726,0.0457,0.2916,0.0263
55127,105127,189.29,75172,0.0305,0.3081,0.023
55129,16685,20.93,58504,0.0406,0.2311,0.0303
55131,136842,317.76,91915,0.0308,0.3394,0.0124
55133,407290,740.9,101639,0.0259,0.4717,0.0032
55135,51822,69.31,69198,0.0266,0.1945,0.037
55137,24672,39.4,61033,0.0409,0.1651,0.068
55139,171197,393.83,70041,0.0243,0.2933,0.0076
55141,74138,93.49,63273,0.0416,0.2132,0.0313
56001,37525,8.78,55887,0.0436,0.5594,0.0345
56003,11690,3.73,61262,0.0603,0.2052,0.1256
56005,46857,9.76,93315,0.0304,0.2191,0.2101
56007,14609,1.85,65196,0.0481,0.2106,0.144
56009,13729,3.23,79235,0.0428,0.2196,0.225
56011,7258,2.54,68876,0.0103,0.2328,0.2453
56013,39402,4.29,60030,0.0819,0.2425,0.0837
56015,12592,5.66,62356,0.0262,0.2397,0.1393
56017,4616,2.3,64031,0.0141,0.2823,0.1543
56019,8536,2.05,60667,0.0234,0.3182,0.1697
56021,100316,37.35,76282,0.0351,0.3049,0.0285
56023,19794,4.86,83033,0.026,0.2309,0.0863
56025,79506,14.89,69104,0.035,0.2658,0.0801
56027,2460,0.94,54375,0.0532,0.2003,0.2319
56029,29878,4.31,66754,0.0272,0.3276,0.0827
56031,8618,4.14,64753,0.0396,0.2212,0.0636
56033,31176,12.35,68898,0.0298,0.3213,0.0886
56035,8801,1.8,85960,0.0392,0.2558,0.2504
56037,42079,4.04,79375,0.0571,0.1998,0.1361
56039,23346,5.84,108279,0.0209,0.6029,0.0267
56041,20546,9.87,78164,0.0342,0.1911,0.0944
56043,7725,3.45,61875,0.0179,0.2114,0.1012
56045,6870,2.86,71800,0.0359,0.1761,0.2586
72001,17972,269.49,17659,0.2186,0.1633,0.0808
72003,37998,1231.35,20301,0.0759,0.2154,0.0097
72005,54752,1498.73,18348,0.1548,0.2473,0.0009
72007,24136,802.26,23160,0.0519,0.1955,0.0084
72009,24555,784.24,22511,0.0644,0.226,0.0485
72011,25497,649.03,22673,0.0841,0.2168,0.0226
72013,87217,692.54,21799,0.1757,0.2599,0.0213
72015,15797,1052.51,18496,0.1116,0.2488,0.0036
72017,22604,1209.04,20282,0.1578,0.2312,0.0116
72019,28899,843.7,21262,0.1554,0.2229,0.0255
72021,184326,4153.85,29403,0.0986,0.3081,0.0041
72023,46983,667.69,23077,0.1459,0.2808,0.0217
72025,126772,2163.2,29279,0.096,0.3439,0.0028
72027,32733,706.14,23263,0.0537,0.2131,0.0279
72029,42218,1284.43,26021,0.1767,0.2626,0.0041
72031,154126,3396.86,32888,0.1333,0.3406,0.0039
72033,23060,4772.07,22407,0.1375,0.2175,0.0025
72035,41509,799.26,26704,0.0672,0.278,0.0063
72037,11256,387.66,22945,0.1122,0.2206,0.0
72039,16924,254.38,19618,0.1765,0.1591,0.0149
72041,39831,1105.72,25580,0.0628,0.2604,0.0132
72043,34557,442.97,20569,0.0745,0.2301,0.0398
72045,18817,662.56,16153,0.1267,0.1611,0.01
72047,34459,809.52,21670,0.1524,0.2097,0.0165
72049,1186,101.84,25483,0.032,0.1564,0.0209
72051,35786,1548.13,31485,0.142,0.3308,0.0084
72053,31984,1069.59,24309,0.2258,0.2937,0.0164
72054,11641,765.39,21560,0.2272,0.1863,0.004
72055,13682,369.28,14525,0.3131,0.1405,0.0208
72057,36365,559.09,19165,0.0685,0.2228,0.0463
72059,17670,418.02,21312,0.2059,0.2432,0.0302
72061,89554,3246.48,43304,0.0825,0.4769,0.0026
72063,40517,1453.02,39533,0.1473,0.3382,0.0053
72065,38330,917.5,24407,0.0601,0.3002,0.0246
72067,15571,1372.43,22542,0.1654,0.2905,0.0136
72069,50729,1134.43,25940,0.0729,0.2422,0.0113
72071,42817,774.11,19965,0.0701,0.2535,0.0048
72073,14726,330.67,18363,0.1982,0.2078,0.0287
72075,46333,768.66,23035,0.1851,0.2683,0.0516
72077,36928,1394.03,25931,0.1458,0.2165,0.0074
72079,23202,386.98,17131,0.1985,0.1981,0.0358
72081,27990,455.49,18844,0.1104,0.2039,0.0779
72083,8826,190.38,16506,0.0811,0.1767,0.139
72085,35099,1035.98,23193,0.1095,0.274,0.0155
72087,23580,1217.07,21306,0.2173,0.1672,0.0049
72089,17716,686.36,22585,0.2238,0.2271,0.0018
72091,39310,870.84,20385,0.1737,0.2379,0.0153
72093,5354,146.19,20133,0.0196,0.1048,0.1256
72095,10563,499.08,21951,0.2374,0.1382,0.0
72097,72721,936.23,16788,0.2389,0.2725,0.0059
72099,37363,742.19,20331,0.2135,0.2338,0.0324
72101,28659,737.28,22282,0.1586,0.1871,0.0027
72103,23340,451.8,20486,0.1004,0.2284,0.0124
72105,29153,1063.93,20616,0.1747,0.1814,0.0224
72107,21378,336.0,16869,0.1962,0.174,0.0361
72109,15927,341.77,20778,0.1302,0.1994,0.0123
72111,20298,454.93,20072,0.1205,0.2537,0.0244
72113,136542,1187.96,18994,0.1275,0.2992,0.011
72115,23540,1037.8,20209,0.0565,0.2091,0.0187
72117,15164,1061.32,26771,0.0616,0.2334,0.0169
72119,46838,772.63,25963,0.1759,0.254,0.0106
72121,22639,623.44,20464,0.1147,0.2544,0.0186
72123,25688,370.12,20123,0.0601,0.2019,0.0609
72125,31680,581.32,17862,0.0651,0.2335,0.0267
72127,340903,7118.72,26111,0.1566,0.4134,0.0036
72129,37552,707.09,19629,0.0831,0.1962,0.0165
72131,39183,556.39,17557,0.1489,0.2108,0.0497
72133,20207,593.71,22680,0.0856,0.2703,0.074
72135,66699,2468.82,32456,0.0863,0.2786,0.007
72137,74854,3220.36,28719,0.1131,0.2732,0.0007
72139,67497,3251.59,35821,0.065,0.3847,0.0018
72141,28155,247.99,17164,0.3054,0.2226,0.0291
72143,35279,1272.3,24778,0.2157,0.227,0.0046
72145,54182,1181.78,23701,0.1634,0.2509,0.0097
72147,8199,161.43,17062,0.1314,0.1454,0.0
72149,21984,616.89,22461,0.1393,0.2162,0.0548
72151,30313,549.0,19972,0.1111,0.1843,0.0018
72153,33988,501.95,19827,0.1347,0.2763,0.0176
